seq	moe_id	unicode_hex	unicode_int	char
00001	A00001	U+4E00	19968	一
00002	A00002	U+4E01	19969	丁
00003	A00003	U+4E03	19971	七
00004	A00004	U+4E09	19977	三
00005	A00005	U+4E0B	19979	下
00006	A00006	U+4E08	19976	丈
00007	A00007	U+4E0A	19978	上
00008	A00008	U+4E11	19985	丑
00009	A00009	U+4E10	19984	丐
00010	A00010	U+4E0D	19981	不
00011	A00011	U+4E19	19993	丙
00012	A00012	U+4E16	19990	世
00013	A00013	U+4E15	19989	丕
00014	A00014	U+4E14	19988	且
00015	A00015	U+4E18	19992	丘
00016	A00016	U+4E1E	19998	丞
00017	A00017	U+4E1F	19999	丟
00018	A00018	U+4E26	20006	並
00019	A00019	U+4E2B	20011	丫
00020	A00020	U+4E2D	20013	中
00021	A00021	U+4E32	20018	串
00022	A00022	U+4E38	20024	丸
00023	A00023	U+51E1	20961	凡
00024	A00024	U+4E39	20025	丹
00025	A00025	U+4E3B	20027	主
00026	A00026	U+4E43	20035	乃
00027	A00027	U+4E45	20037	久
00028	A00028	U+4E48	20040	么
00029	A00029	U+4E4B	20043	之
00030	A00030	U+5C39	23609	尹
00031	A00031	U+4E4D	20045	乍
00032	A00032	U+4E4F	20047	乏
00033	A00033	U+4E4E	20046	乎
00034	A00034	U+4E52	20050	乒
00035	A00035	U+4E53	20051	乓
00036	A00036	U+4E56	20054	乖
00037	A00037	U+4E58	20056	乘
00038	A00038	U+4E59	20057	乙
00039	A00039	U+4E5D	20061	九
00040	A00040	U+4E5F	20063	也
00041	A00041	U+4E5E	20062	乞
00042	A00042	U+4E69	20073	乩
00043	A00043	U+4E73	20083	乳
00044	A00044	U+4E7E	20094	乾
00045	A00045	U+4E82	20098	亂
00046	A00046	U+4E86	20102	了
00047	A00047	U+4E88	20104	予
00048	A00048	U+4E8B	20107	事
00049	A00049	U+4E8C	20108	二
00050	A00050	U+4E8E	20110	于
00051	A00051	U+4E91	20113	云
00052	A00052	U+4E95	20117	井
00053	A00053	U+4E92	20114	互
00054	A00054	U+4E94	20116	五
00055	A00055	U+4E99	20121	亙
00056	A00056	U+4E9B	20123	些
00057	A00057	U+4E9E	20126	亞
00058	A00058	U+4E9F	20127	亟
00059	A00059	U+4EA1	20129	亡
00060	A00060	U+4EA4	20132	交
00061	A00061	U+4EA6	20134	亦
00062	A00062	U+4EA5	20133	亥
00063	A00063	U+4EA8	20136	亨
00064	A00064	U+4EAB	20139	享
00065	A00065	U+4EAC	20140	京
00066	A00066	U+4EAD	20141	亭
00067	A00067	U+4EAE	20142	亮
00068	A00068	U+4EBA	20154	人
00069	A00069	U+4EC1	20161	仁
00070	A00070	U+4EC0	20160	什
00071	A00071	U+4EC3	20163	仃
00072	A00072	U+4EC6	20166	仆
00073	A00073	U+4EC7	20167	仇
00074	A00074	U+4ECD	20173	仍
00075	A00075	U+4ECA	20170	今
00076	A00076	U+4ECB	20171	介
00077	A00077	U+4EC4	20164	仄
00078	A00078	U+4EE5	20197	以
00079	A00079	U+4ED8	20184	付
00080	A00080	U+4ED4	20180	仔
00081	A00081	U+4ED5	20181	仕
00082	A00082	U+4ED6	20182	他
00083	A00083	U+4ED7	20183	仗
00084	A00084	U+4EE3	20195	代
00085	A00085	U+4EE4	20196	令
00086	A00086	U+4ED9	20185	仙
00087	A00087	U+4EDE	20190	仞
00088	A00088	U+4EFF	20223	仿
00089	A00089	U+4F09	20233	伉
00090	A00090	U+4F19	20249	伙
00091	A00091	U+4F0A	20234	伊
00092	A00092	U+4F15	20245	伕
00093	A00093	U+4F0D	20237	伍
00094	A00094	U+4F10	20240	伐
00095	A00095	U+4F11	20241	休
00096	A00096	U+4F0F	20239	伏
00097	A00097	U+4EF2	20210	仲
00098	A00098	U+4EF6	20214	件
00099	A00099	U+4EFB	20219	任
00100	A00100	U+4EF0	20208	仰
00101	A00101	U+4EF3	20211	仳
00102	A00102	U+4EFD	20221	份
00103	A00103	U+4F01	20225	企
00104	A00104	U+4F4D	20301	位
00105	A00105	U+4F4F	20303	住
00106	A00106	U+4F47	20295	佇
00107	A00107	U+4F57	20311	佗
00108	A00108	U+4F5E	20318	佞
00109	A00109	U+4F34	20276	伴
00110	A00110	U+4F5B	20315	佛
00111	A00111	U+4F55	20309	何
00112	A00112	U+4F30	20272	估
00113	A00113	U+4F50	20304	佐
00114	A00114	U+4F51	20305	佑
00115	A00115	U+4F3D	20285	伽
00116	A00116	U+4F3A	20282	伺
00117	A00117	U+4F38	20280	伸
00118	A00118	U+4F43	20291	佃
00119	A00119	U+4F54	20308	佔
00120	A00120	U+4F3C	20284	似
00121	A00121	U+4F46	20294	但
00122	A00122	U+4F63	20323	佣
00123	A00123	U+4F5C	20316	作
00124	A00124	U+4F60	20320	你
00125	A00125	U+4F2F	20271	伯
00126	A00126	U+4F4E	20302	低
00127	A00127	U+4F36	20278	伶
00128	A00128	U+4F59	20313	余
00129	A00129	U+4F5D	20317	佝
00130	A00130	U+4F6F	20335	佯
00131	A00131	U+4F9D	20381	依
00132	A00132	U+4F8D	20365	侍
00133	A00133	U+4F73	20339	佳
00134	A00134	U+4F7F	20351	使
00135	A00135	U+4F6C	20332	佬
00136	A00136	U+4F9B	20379	供
00137	A00137	U+4F8B	20363	例
00138	A00138	U+4F86	20358	來
00139	A00139	U+4F83	20355	侃
00140	A00140	U+4F70	20336	佰
00141	A00141	U+4F75	20341	併
00142	A00142	U+4F88	20360	侈
00143	A00143	U+4F69	20329	佩
00144	A00144	U+4F7B	20347	佻
00145	A00145	U+4F96	20374	侖
00146	A00146	U+4F7E	20350	佾
00147	A00147	U+4F8F	20367	侏
00148	A00148	U+4FE1	20449	信
00149	A00149	U+4FB5	20405	侵
00150	A00150	U+4FAF	20399	侯
00151	A00151	U+4FBF	20415	便
00152	A00152	U+4FE0	20448	俠
00153	A00153	U+4FD1	20433	俑
00154	A00154	U+4FCF	20431	俏
00155	A00155	U+4FDD	20445	保
00156	A00156	U+4FC3	20419	促
00157	A00157	U+4FB6	20406	侶
00158	A00158	U+4FD8	20440	俘
00159	A00159	U+4FDF	20447	俟
00160	A00160	U+4FCA	20426	俊
00161	A00161	U+4FD7	20439	俗
00162	A00162	U+4FAE	20398	侮
00163	A00163	U+4FD0	20432	俐
00164	A00164	U+4FC4	20420	俄
00165	A00165	U+4FC2	20418	係
00166	A00166	U+4FDA	20442	俚
00167	A00167	U+4FCE	20430	俎
00168	A00168	U+4FDE	20446	俞
00169	A00169	U+500C	20492	倌
00170	A00170	U+500D	20493	倍
00171	A00171	U+5023	20515	倣
00172	A00172	U+4FEF	20463	俯
00173	A00173	U+5026	20518	倦
00174	A00174	U+5025	20517	倥
00175	A00175	U+4FF8	20472	俸
00176	A00176	U+5029	20521	倩
00177	A00177	U+5016	20502	倖
00178	A00178	U+5006	20486	倆
00179	A00179	U+503C	20540	值
00180	A00180	U+501F	20511	借
00181	A00181	U+501A	20506	倚
00182	A00182	U+5012	20498	倒
00183	A00183	U+5011	20497	們
00184	A00184	U+4FFA	20474	俺
00185	A00185	U+5000	20480	倀
00186	A00186	U+5014	20500	倔
00187	A00187	U+5028	20520	倨
00188	A00188	U+4FF1	20465	俱
00189	A00189	U+5021	20513	倡
00190	A00190	U+500B	20491	個
00191	A00191	U+5019	20505	候
00192	A00192	U+5018	20504	倘
00193	A00193	U+4FF3	20467	俳
00194	A00194	U+4FEE	20462	修
00195	A00195	U+502D	20525	倭
00196	A00196	U+502A	20522	倪
00197	A00197	U+4FFE	20478	俾
00198	A00198	U+502B	20523	倫
00199	A00199	U+5009	20489	倉
00200	A00200	U+507A	20602	偺
00201	A00201	U+507D	20605	偽
00202	A00202	U+505C	20572	停
00203	A00203	U+5047	20551	假
00204	A00204	U+5043	20547	偃
00205	A00205	U+504C	20556	偌
00206	A00206	U+505A	20570	做
00207	A00207	U+5049	20553	偉
00208	A00208	U+5065	20581	健
00209	A00209	U+5076	20598	偶
00210	A00210	U+504E	20558	偎
00211	A00211	U+5055	20565	偕
00212	A00212	U+5075	20597	偵
00213	A00213	U+5074	20596	側
00214	A00214	U+5077	20599	偷
00215	A00215	U+504F	20559	偏
00216	A00216	U+500F	20495	倏
00217	A00217	U+50A2	20642	傢
00218	A00218	U+508D	20621	傍
00219	A00219	U+5085	20613	傅
00220	A00220	U+5099	20633	備
00221	A00221	U+5091	20625	傑
00222	A00222	U+5080	20608	傀
00223	A00223	U+5096	20630	傖
00224	A00224	U+5098	20632	傘
00225	A00225	U+50AD	20653	傭
00226	A00226	U+50B5	20661	債
00227	A00227	U+50B2	20658	傲
00228	A00228	U+50B3	20659	傳
00229	A00229	U+50C5	20677	僅
00230	A00230	U+50BE	20670	傾
00231	A00231	U+50AC	20652	催
00232	A00232	U+50B7	20663	傷
00233	A00233	U+50BB	20667	傻
00234	A00234	U+50AF	20655	傯
00235	A00235	U+50E7	20711	僧
00236	A00236	U+50EE	20718	僮
00237	A00237	U+50E5	20709	僥
00238	A00238	U+50D6	20694	僖
00239	A00239	U+50ED	20717	僭
00240	A00240	U+50DA	20698	僚
00241	A00241	U+50D5	20693	僕
00242	A00242	U+50CF	20687	像
00243	A00243	U+50D1	20689	僑
00244	A00244	U+50F1	20721	僱
00245	A00245	U+5104	20740	億
00246	A00246	U+5100	20736	儀
00247	A00247	U+50FB	20731	僻
00248	A00248	U+50F5	20725	僵
00249	A00249	U+50F9	20729	價
00250	A00250	U+5102	20738	儂
00251	A00251	U+5108	20744	儈
00252	A00252	U+5109	20745	儉
00253	A00253	U+5112	20754	儒
00254	A00254	U+5118	20760	儘
00255	A00255	U+5114	20756	儔
00256	A00256	U+5110	20752	儐
00257	A00257	U+512A	20778	優
00258	A00258	U+511F	20767	償
00259	A00259	U+5121	20769	儡
00260	A00260	U+5132	20786	儲
00261	A00261	U+5137	20791	儷
00262	A00262	U+513C	20796	儼
00263	A00263	U+5140	20800	兀
00264	A00264	U+5143	20803	元
00265	A00265	U+5141	20801	允
00266	A00266	U+5145	20805	充
00267	A00267	U+5144	20804	兄
00268	A00268	U+5149	20809	光
00269	A00269	U+5147	20807	兇
00270	A00270	U+5146	20806	兆
00271	A00271	U+5148	20808	先
00272	A00272	U+514C	20812	兌
00273	A00273	U+514B	20811	克
00274	A00274	U+5155	20821	兕
00275	A00275	U+514D	20813	免
00276	A00276	U+5154	20820	兔
00277	A00277	U+5152	20818	兒
00278	A00278	U+5157	20823	兗
00279	A00279	U+515C	20828	兜
00280	A00280	U+5162	20834	兢
00281	A00281	U+5165	20837	入
00282	A00282	U+5167	20839	內
00283	A00283	U+5168	20840	全
00284	A00284	U+5169	20841	兩
00285	A00285	U+516B	20843	八
00286	A00286	U+516D	20845	六
00287	A00287	U+516E	20846	兮
00288	A00288	U+516C	20844	公
00289	A00289	U+5171	20849	共
00290	A00290	U+5175	20853	兵
00291	A00291	U+5177	20855	具
00292	A00292	U+5176	20854	其
00293	A00293	U+5178	20856	典
00294	A00294	U+517C	20860	兼
00295	A00295	U+5180	20864	冀
00296	A00296	U+5189	20873	冉
00297	A00297	U+518A	20874	冊
00298	A00298	U+518D	20877	再
00299	A00299	U+5192	20882	冒
00300	A00300	U+5191	20881	冑
00301	A00301	U+5195	20885	冕
00302	A00302	U+6700	26368	最
00303	A00303	U+5197	20887	冗
00304	A00304	U+51A0	20896	冠
00305	A00305	U+51A4	20900	冤
00306	A00306	U+51A5	20901	冥
00307	A00307	U+51A2	20898	冢
00308	A00308	U+51AC	20908	冬
00309	A00309	U+51B0	20912	冰
00310	A00310	U+51B6	20918	冶
00311	A00311	U+51B7	20919	冷
00312	A00312	U+51BD	20925	冽
00313	A00313	U+51CD	20941	凍
00314	A00314	U+51CC	20940	凌
00315	A00315	U+51C6	20934	准
00316	A00316	U+51CB	20939	凋
00317	A00317	U+51DC	20956	凜
00318	A00318	U+51DD	20957	凝
00319	A00319	U+51E0	20960	几
00320	A00320	U+51F0	20976	凰
00321	A00321	U+51F1	20977	凱
00322	A00322	U+51F3	20979	凳
00323	A00323	U+51F6	20982	凶
00324	A00324	U+51F9	20985	凹
00325	A00325	U+51FA	20986	出
00326	A00326	U+51F8	20984	凸
00327	A00327	U+51FD	20989	函
00328	A00328	U+5200	20992	刀
00329	A00329	U+5201	20993	刁
00330	A00330	U+5203	20995	刃
00331	A00331	U+5206	20998	分
00332	A00332	U+5207	20999	切
00333	A00333	U+5208	21000	刈
00334	A00334	U+520A	21002	刊
00335	A00335	U+5217	21015	列
00336	A00336	U+5211	21009	刑
00337	A00337	U+5212	21010	划
00338	A00338	U+520E	21006	刎
00339	A00339	U+5225	21029	別
00340	A00340	U+5224	21028	判
00341	A00341	U+5229	21033	利
00342	A00342	U+522A	21034	刪
00343	A00343	U+5228	21032	刨
00344	A00344	U+523B	21051	刻
00345	A00345	U+5238	21048	券
00346	A00346	U+5237	21047	刷
00347	A00347	U+523A	21050	刺
00348	A00348	U+5230	21040	到
00349	A00349	U+522E	21038	刮
00350	A00350	U+5236	21046	制
00351	A00351	U+5241	21057	剁
00352	A00352	U+524E	21070	剎
00353	A00353	U+5243	21059	剃
00354	A00354	U+524A	21066	削
00355	A00355	U+524D	21069	前
00356	A00356	U+524C	21068	剌
00357	A00357	U+524B	21067	剋
00358	A00358	U+5247	21063	則
00359	A00359	U+5256	21078	剖
00360	A00360	U+525C	21084	剜
00361	A00361	U+5254	21076	剔
00362	A00362	U+525B	21083	剛
00363	A00363	U+525D	21085	剝
00364	A00364	U+526A	21098	剪
00365	A00365	U+526F	21103	副
00366	A00366	U+5272	21106	割
00367	A00367	U+5274	21108	剴
00368	A00368	U+5275	21109	創
00369	A00369	U+5269	21097	剩
00370	A00370	U+527F	21119	剿
00371	A00371	U+5277	21111	剷
00372	A00372	U+527D	21117	剽
00373	A00373	U+5283	21123	劃
00374	A00374	U+5287	21127	劇
00375	A00375	U+5288	21128	劈
00376	A00376	U+5289	21129	劉
00377	A00377	U+528D	21133	劍
00378	A00378	U+5291	21137	劑
00379	A00379	U+529B	21147	力
00380	A00380	U+52A0	21152	加
00381	A00381	U+529F	21151	功
00382	A00382	U+52A3	21155	劣
00383	A00383	U+52AB	21163	劫
00384	A00384	U+52A9	21161	助
00385	A00385	U+52AA	21162	努
00386	A00386	U+52AC	21164	劬
00387	A00387	U+52BE	21182	劾
00388	A00388	U+52C7	21191	勇
00389	A00389	U+52C9	21193	勉
00390	A00390	U+52C3	21187	勃
00391	A00391	U+52C1	21185	勁
00392	A00392	U+52D2	21202	勒
00393	A00393	U+52D9	21209	務
00394	A00394	U+52D8	21208	勘
00395	A00395	U+52D5	21205	動
00396	A00396	U+52DE	21214	勞
00397	A00397	U+52DD	21213	勝
00398	A00398	U+52DB	21211	勛
00399	A00399	U+52DF	21215	募
00400	A00400	U+52E6	21222	勦
00401	A00401	U+52E4	21220	勤
00402	A00402	U+52E2	21218	勢
00403	A00403	U+52F5	21237	勵
00404	A00404	U+52F8	21240	勸
00405	A00405	U+52FB	21243	勻
00406	A00406	U+52FE	21246	勾
00407	A00407	U+52FF	21247	勿
00408	A00408	U+5305	21253	包
00409	A00409	U+5306	21254	匆
00410	A00410	U+5308	21256	匈
00411	A00411	U+530D	21261	匍
00412	A00412	U+5310	21264	匐
00413	A00413	U+530F	21263	匏
00414	A00414	U+5315	21269	匕
00415	A00415	U+5316	21270	化
00416	A00416	U+5317	21271	北
00417	A00417	U+5319	21273	匙
00418	A00418	U+531D	21277	匝
00419	A00419	U+5321	21281	匡
00420	A00420	U+5320	21280	匠
00421	A00421	U+5323	21283	匣
00422	A00422	U+532A	21290	匪
00423	A00423	U+532F	21295	匯
00424	A00424	U+5331	21297	匱
00425	A00425	U+5339	21305	匹
00426	A00426	U+533F	21311	匿
00427	A00427	U+5340	21312	區
00428	A00428	U+533E	21310	匾
00429	A00429	U+5341	21313	十
00430	A00430	U+5343	21315	千
00431	A00431	U+5348	21320	午
00432	A00432	U+5347	21319	升
00433	A00433	U+5345	21317	卅
00434	A00434	U+4EDF	20191	仟
00435	A00435	U+534A	21322	半
00436	A00436	U+5349	21321	卉
00437	A00437	U+5352	21330	卒
00438	A00438	U+5354	21332	協
00439	A00439	U+5353	21331	卓
00440	A00440	U+5351	21329	卑
00441	A00441	U+5357	21335	南
00442	A00442	U+535A	21338	博
00443	A00443	U+535C	21340	卜
00444	A00444	U+535E	21342	卞
00445	A00445	U+5361	21345	卡
00446	A00446	U+5360	21344	占
00447	A00447	U+5366	21350	卦
00448	A00448	U+536F	21359	卯
00449	A00449	U+536E	21358	卮
00450	A00450	U+5370	21360	印
00451	A00451	U+5371	21361	危
00452	A00452	U+5373	21363	即
00453	A00453	U+5375	21365	卵
00454	A00454	U+5377	21367	卷
00455	A00455	U+5378	21368	卸
00456	A00456	U+5379	21369	卹
00457	A00457	U+537B	21371	卻
00458	A00458	U+537F	21375	卿
00459	A00459	U+5384	21380	厄
00460	A00460	U+539A	21402	厚
00461	A00461	U+539F	21407	原
00462	A00462	U+539D	21405	厝
00463	A00463	U+53A5	21413	厥
00464	A00464	U+53AD	21421	厭
00465	A00465	U+53B2	21426	厲
00466	A00466	U+53BB	21435	去
00467	A00467	U+53C3	21443	參
00468	A00468	U+53C8	21448	又
00469	A00469	U+53C9	21449	叉
00470	A00470	U+53CB	21451	友
00471	A00471	U+53CA	21450	及
00472	A00472	U+53CD	21453	反
00473	A00473	U+53D6	21462	取
00474	A00474	U+53D4	21460	叔
00475	A00475	U+53D7	21463	受
00476	A00476	U+53DB	21467	叛
00477	A00477	U+53DF	21471	叟
00478	A00478	U+66FC	26364	曼
00479	A00479	U+53E2	21474	叢
00480	A00480	U+53E3	21475	口
00481	A00481	U+53EF	21487	可
00482	A00482	U+53E4	21476	古
00483	A00483	U+53F3	21491	右
00484	A00484	U+53EC	21484	召
00485	A00485	U+53EE	21486	叮
00486	A00486	U+53E9	21481	叩
00487	A00487	U+53E8	21480	叨
00488	A00488	U+53FC	21500	叼
00489	A00489	U+53F8	21496	司
00490	A00490	U+53F5	21493	叵
00491	A00491	U+53EB	21483	叫
00492	A00492	U+53E6	21478	另
00493	A00493	U+53EA	21482	只
00494	A00494	U+53F2	21490	史
00495	A00495	U+53F1	21489	叱
00496	A00496	U+53F0	21488	台
00497	A00497	U+53E5	21477	句
00498	A00498	U+53ED	21485	叭
00499	A00499	U+5409	21513	吉
00500	A00500	U+540F	21519	吏
00501	A00501	U+540C	21516	同
00502	A00502	U+540A	21514	吊
00503	A00503	U+5410	21520	吐
00504	A00504	U+5401	21505	吁
00505	A00505	U+540B	21515	吋
00506	A00506	U+5404	21508	各
00507	A00507	U+5411	21521	向
00508	A00508	U+540D	21517	名
00509	A00509	U+5408	21512	合
00510	A00510	U+5403	21507	吃
00511	A00511	U+540E	21518	后
00512	A00512	U+5406	21510	吆
00513	A00513	U+5412	21522	吒
00514	A00514	U+541D	21533	吝
00515	A00515	U+542D	21549	吭
00516	A00516	U+541E	21534	吞
00517	A00517	U+543E	21566	吾
00518	A00518	U+5426	21542	否
00519	A00519	U+544E	21582	呎
00520	A00520	U+5427	21543	吧
00521	A00521	U+5446	21574	呆
00522	A00522	U+5443	21571	呃
00523	A00523	U+5433	21555	吳
00524	A00524	U+5448	21576	呈
00525	A00525	U+5442	21570	呂
00526	A00526	U+541B	21531	君
00527	A00527	U+5429	21545	吩
00528	A00528	U+544A	21578	告
00529	A00529	U+5439	21561	吹
00530	A00530	U+543B	21563	吻
00531	A00531	U+5438	21560	吸
00532	A00532	U+542E	21550	吮
00533	A00533	U+5435	21557	吵
00534	A00534	U+5436	21558	吶
00535	A00535	U+5420	21536	吠
00536	A00536	U+543C	21564	吼
00537	A00537	U+5440	21568	呀
00538	A00538	U+5431	21553	吱
00539	A00539	U+542B	21547	含
00540	A00540	U+541F	21535	吟
00541	A00541	U+5473	21619	味
00542	A00542	U+5475	21621	呵
00543	A00543	U+5496	21654	咖
00544	A00544	U+5478	21624	呸
00545	A00545	U+5495	21653	咕
00546	A00546	U+5480	21632	咀
00547	A00547	U+547B	21627	呻
00548	A00548	U+5477	21623	呷
00549	A00549	U+5484	21636	咄
00550	A00550	U+5492	21650	咒
00551	A00551	U+5486	21638	咆
00552	A00552	U+547C	21628	呼
00553	A00553	U+5490	21648	咐
00554	A00554	U+5471	21617	呱
00555	A00555	U+5476	21622	呶
00556	A00556	U+548C	21644	和
00557	A00557	U+549A	21658	咚
00558	A00558	U+5462	21602	呢
00559	A00559	U+5468	21608	周
00560	A00560	U+548B	21643	咋
00561	A00561	U+547D	21629	命
00562	A00562	U+548E	21646	咎
00563	A00563	U+54AC	21676	咬
00564	A00564	U+54C0	21696	哀
00565	A00565	U+54A8	21672	咨
00566	A00566	U+54CE	21710	哎
00567	A00567	U+54C9	21705	哉
00568	A00568	U+54B8	21688	咸
00569	A00569	U+54A6	21670	咦
00570	A00570	U+54B3	21683	咳
00571	A00571	U+54C7	21703	哇
00572	A00572	U+54C2	21698	哂
00573	A00573	U+54BD	21693	咽
00574	A00574	U+54AA	21674	咪
00575	A00575	U+54C1	21697	品
00576	A00576	U+54C4	21700	哄
00577	A00577	U+54C8	21704	哈
00578	A00578	U+54AF	21679	咯
00579	A00579	U+54AB	21675	咫
00580	A00580	U+54B1	21681	咱
00581	A00581	U+54BB	21691	咻
00582	A00582	U+54E8	21736	哨
00583	A00583	U+5510	21776	唐
00584	A00584	U+5501	21761	唁
00585	A00585	U+5537	21815	唷
00586	A00586	U+54FC	21756	哼
00587	A00587	U+54E5	21733	哥
00588	A00588	U+54F2	21746	哲
00589	A00589	U+5506	21766	唆
00590	A00590	U+54FA	21754	哺
00591	A00591	U+5514	21780	唔
00592	A00592	U+54E9	21737	哩
00593	A00593	U+54ED	21741	哭
00594	A00594	U+54E1	21729	員
00595	A00595	U+5509	21769	唉
00596	A00596	U+54EE	21742	哮
00597	A00597	U+54EA	21738	哪
00598	A00598	U+54E6	21734	哦
00599	A00599	U+5527	21799	唧
00600	A00600	U+5546	21830	商
00601	A00601	U+556A	21866	啪
00602	A00602	U+5566	21862	啦
00603	A00603	U+5544	21828	啄
00604	A00604	U+555E	21854	啞
00605	A00605	U+5561	21857	啡
00606	A00606	U+5543	21827	啃
00607	A00607	U+554A	21834	啊
00608	A00608	U+5531	21809	唱
00609	A00609	U+5556	21846	啖
00610	A00610	U+554F	21839	問
00611	A00611	U+5555	21845	啕
00612	A00612	U+552F	21807	唯
00613	A00613	U+5564	21860	啤
00614	A00614	U+5538	21816	唸
00615	A00615	U+552E	21806	售
00616	A00616	U+555C	21852	啜
00617	A00617	U+552C	21804	唬
00618	A00618	U+5563	21859	啣
00619	A00619	U+5533	21811	唳
00620	A00620	U+557B	21883	啻
00621	A00621	U+5580	21888	喀
00622	A00622	U+55A7	21927	喧
00623	A00623	U+557C	21884	啼
00624	A00624	U+558A	21898	喊
00625	A00625	U+559D	21917	喝
00626	A00626	U+5598	21912	喘
00627	A00627	U+5582	21890	喂
00628	A00628	U+559C	21916	喜
00629	A00629	U+55AA	21930	喪
00630	A00630	U+5594	21908	喔
00631	A00631	U+5587	21895	喇
00632	A00632	U+558B	21899	喋
00633	A00633	U+5583	21891	喃
00634	A00634	U+55B3	21939	喳
00635	A00635	U+55AE	21934	單
00636	A00636	U+559F	21919	喟
00637	A00637	U+553E	21822	唾
00638	A00638	U+55B2	21938	喲
00639	A00639	U+559A	21914	喚
00640	A00640	U+55BB	21947	喻
00641	A00641	U+55AC	21932	喬
00642	A00642	U+55B1	21937	喱
00643	A00643	U+557E	21886	啾
00644	A00644	U+5589	21897	喉
00645	A00645	U+55DF	21983	嗟
00646	A00646	U+55E8	21992	嗨
00647	A00647	U+55D3	21971	嗓
00648	A00648	U+55E6	21990	嗦
00649	A00649	U+55CE	21966	嗎
00650	A00650	U+55DC	21980	嗜
00651	A00651	U+55C7	21959	嗇
00652	A00652	U+55D1	21969	嗑
00653	A00653	U+55E3	21987	嗣
00654	A00654	U+55E4	21988	嗤
00655	A00655	U+55EF	21999	嗯
00656	A00656	U+55DA	21978	嗚
00657	A00657	U+55E1	21985	嗡
00658	A00658	U+55C5	21957	嗅
00659	A00659	U+55C6	21958	嗆
00660	A00660	U+55E5	21989	嗥
00661	A00661	U+55FE	22014	嗾
00662	A00662	U+5600	22016	嘀
00663	A00663	U+561B	22043	嘛
00664	A00664	U+5617	22039	嘗
00665	A00665	U+55FD	22013	嗽
00666	A00666	U+5614	22036	嘔
00667	A00667	U+5606	22022	嘆
00668	A00668	U+5609	22025	嘉
00669	A00669	U+560D	22029	嘍
00670	A00670	U+560E	22030	嘎
00671	A00671	U+55F7	22007	嗷
00672	A00672	U+5616	22038	嘖
00673	A00673	U+561F	22047	嘟
00674	A00674	U+5608	22024	嘈
00675	A00675	U+562E	22062	嘮
00676	A00676	U+563B	22075	嘻
00677	A00677	U+5639	22073	嘹
00678	A00678	U+5632	22066	嘲
00679	A00679	U+563F	22079	嘿
00680	A00680	U+5629	22057	嘩
00681	A00681	U+5653	22099	噓
00682	A00682	U+564E	22094	噎
00683	A00683	U+5657	22103	噗
00684	A00684	U+5674	22132	噴
00685	A00685	U+5636	22070	嘶
00686	A00686	U+562F	22063	嘯
00687	A00687	U+5630	22064	嘰
00688	A00688	U+5659	22105	噙
00689	A00689	U+566B	22123	噫
00690	A00690	U+5679	22137	噹
00691	A00691	U+5669	22121	噩
00692	A00692	U+5664	22116	噤
00693	A00693	U+5678	22136	噸
00694	A00694	U+5634	22068	嘴
00695	A00695	U+566A	22122	噪
00696	A00696	U+5668	22120	器
00697	A00697	U+5665	22117	噥
00698	A00698	U+5671	22129	噱
00699	A00699	U+566F	22127	噯
00700	A00700	U+566C	22124	噬
00701	A00701	U+5662	22114	噢
00702	A00702	U+568E	22158	嚎
00703	A00703	U+5680	22144	嚀
00704	A00704	U+5690	22160	嚐
00705	A00705	U+5685	22149	嚅
00706	A00706	U+5687	22151	嚇
00707	A00707	U+568F	22159	嚏
00708	A00708	U+5695	22165	嚕
00709	A00709	U+56AE	22190	嚮
00710	A00710	U+56A5	22181	嚥
00711	A00711	U+56A8	22184	嚨
00712	A00712	U+56B7	22199	嚷
00713	A00713	U+56B6	22198	嚶
00714	A00714	U+56B4	22196	嚴
00715	A00715	U+56BC	22204	嚼
00716	A00716	U+56C1	22209	囁
00717	A00717	U+56C0	22208	囀
00718	A00718	U+56C2	22210	囂
00719	A00719	U+56C8	22216	囈
00720	A00720	U+56CA	22218	囊
00721	A00721	U+56C9	22217	囉
00722	A00722	U+56CC	22220	囌
00723	A00723	U+56D1	22225	囑
00724	A00724	U+56DB	22235	四
00725	A00725	U+56DA	22234	囚
00726	A00726	U+56E0	22240	因
00727	A00727	U+56DE	22238	回
00728	A00728	U+56EA	22250	囪
00729	A00729	U+56F0	22256	困
00730	A00730	U+56E4	22244	囤
00731	A00731	U+56FA	22266	固
00732	A00732	U+5703	22275	圃
00733	A00733	U+5708	22280	圈
00734	A00734	U+570B	22283	國
00735	A00735	U+570D	22285	圍
00736	A00736	U+5712	22290	園
00737	A00737	U+5713	22291	圓
00738	A00738	U+5718	22296	團
00739	A00739	U+5716	22294	圖
00740	A00740	U+571F	22303	土
00741	A00741	U+5733	22323	圳
00742	A00742	U+5730	22320	地
00743	A00743	U+5728	22312	在
00744	A00744	U+572D	22317	圭
00745	A00745	U+572C	22316	圬
00746	A00746	U+572F	22319	圯
00747	A00747	U+574A	22346	坊
00748	A00748	U+5751	22353	坑
00749	A00749	U+5740	22336	址
00750	A00750	U+574D	22349	坍
00751	A00751	U+5747	22343	均
00752	A00752	U+574E	22350	坎
00753	A00753	U+573E	22334	圾
00754	A00754	U+5750	22352	坐
00755	A00755	U+574F	22351	坏
00756	A00756	U+5783	22403	垃
00757	A00757	U+5777	22391	坷
00758	A00758	U+576A	22378	坪
00759	A00759	U+5769	22377	坩
00760	A00760	U+5761	22369	坡
00761	A00761	U+5766	22374	坦
00762	A00762	U+5764	22372	坤
00763	A00763	U+577C	22396	坼
00764	A00764	U+5782	22402	垂
00765	A00765	U+578B	22411	型
00766	A00766	U+57A0	22432	垠
00767	A00767	U+57A3	22435	垣
00768	A00768	U+57A2	22434	垢
00769	A00769	U+57CE	22478	城
00770	A00770	U+57AE	22446	垮
00771	A00771	U+57C2	22466	埂
00772	A00772	U+57D4	22484	埔
00773	A00773	U+57CB	22475	埋
00774	A00774	U+57C3	22467	埃
00775	A00775	U+57DF	22495	域
00776	A00776	U+5805	22533	堅
00777	A00777	U+580A	22538	堊
00778	A00778	U+5806	22534	堆
00779	A00779	U+57E0	22496	埠
00780	A00780	U+57E4	22500	埤
00781	A00781	U+57FA	22522	基
00782	A00782	U+5802	22530	堂
00783	A00783	U+5835	22581	堵
00784	A00784	U+57F7	22519	執
00785	A00785	U+57F9	22521	培
00786	A00786	U+582F	22575	堯
00787	A00787	U+582A	22570	堪
00788	A00788	U+5834	22580	場
00789	A00789	U+5824	22564	堤
00790	A00790	U+5830	22576	堰
00791	A00791	U+5831	22577	報
00792	A00792	U+5821	22561	堡
00793	A00793	U+585E	22622	塞
00794	A00794	U+5851	22609	塑
00795	A00795	U+5858	22616	塘
00796	A00796	U+5857	22615	塗
00797	A00797	U+585A	22618	塚
00798	A00798	U+5854	22612	塔
00799	A00799	U+586B	22635	填
00800	A00800	U+584C	22604	塌
00801	A00801	U+586D	22637	塭
00802	A00802	U+584A	22602	塊
00803	A00803	U+5862	22626	塢
00804	A00804	U+5875	22645	塵
00805	A00805	U+587E	22654	塾
00806	A00806	U+5883	22659	境
00807	A00807	U+5893	22675	墓
00808	A00808	U+588A	22666	墊
00809	A00809	U+5879	22649	塹
00810	A00810	U+5885	22661	墅
00811	A00811	U+5880	22656	墀
00812	A00812	U+589F	22687	墟
00813	A00813	U+589E	22686	增
00814	A00814	U+58B3	22707	墳
00815	A00815	U+589C	22684	墜
00816	A00816	U+58AE	22702	墮
00817	A00817	U+58C1	22721	壁
00818	A00818	U+58BE	22718	墾
00819	A00819	U+58C7	22727	壇
00820	A00820	U+58C5	22725	壅
00821	A00821	U+58D5	22741	壕
00822	A00822	U+58D3	22739	壓
00823	A00823	U+58D1	22737	壑
00824	A00824	U+58D9	22745	壙
00825	A00825	U+58D8	22744	壘
00826	A00826	U+58DE	22750	壞
00827	A00827	U+58DF	22751	壟
00828	A00828	U+58E2	22754	壢
00829	A00829	U+58E4	22756	壤
00830	A00830	U+58E9	22761	壩
00831	A00831	U+58EB	22763	士
00832	A00832	U+58EC	22764	壬
00833	A00833	U+58EF	22767	壯
00834	A00834	U+58F9	22777	壹
00835	A00835	U+58FA	22778	壺
00836	A00836	U+58FD	22781	壽
00837	A00837	U+590F	22799	夏
00838	A00838	U+5914	22804	夔
00839	A00839	U+5915	22805	夕
00840	A00840	U+5916	22806	外
00841	A00841	U+5919	22809	夙
00842	A00842	U+591A	22810	多
00843	A00843	U+591C	22812	夜
00844	A00844	U+5920	22816	夠
00845	A00845	U+5925	22821	夥
00846	A00846	U+5922	22818	夢
00847	A00847	U+5924	22820	夤
00848	A00848	U+5927	22823	大
00849	A00849	U+5929	22825	天
00850	A00850	U+592B	22827	夫
00851	A00851	U+592A	22826	太
00852	A00852	U+592D	22829	夭
00853	A00853	U+592E	22830	央
00854	A00854	U+5931	22833	失
00855	A00855	U+5937	22839	夷
00856	A00856	U+5938	22840	夸
00857	A00857	U+593E	22846	夾
00858	A00858	U+5949	22857	奉
00859	A00859	U+5947	22855	奇
00860	A00860	U+5948	22856	奈
00861	A00861	U+5944	22852	奄
00862	A00862	U+5954	22868	奔
00863	A00863	U+5955	22869	奕
00864	A00864	U+5951	22865	契
00865	A00865	U+594F	22863	奏
00866	A00866	U+594E	22862	奎
00867	A00867	U+5950	22864	奐
00868	A00868	U+5957	22871	套
00869	A00869	U+5958	22872	奘
00870	A00870	U+595A	22874	奚
00871	A00871	U+5962	22882	奢
00872	A00872	U+5960	22880	奠
00873	A00873	U+5967	22887	奧
00874	A00874	U+596A	22890	奪
00875	A00875	U+5969	22889	奩
00876	A00876	U+596E	22894	奮
00877	A00877	U+5973	22899	女
00878	A00878	U+5974	22900	奴
00879	A00879	U+5976	22902	奶
00880	A00880	U+5984	22916	妄
00881	A00881	U+5978	22904	奸
00882	A00882	U+5983	22915	妃
00883	A00883	U+597D	22909	好
00884	A00884	U+5979	22905	她
00885	A00885	U+5982	22914	如
00886	A00886	U+5981	22913	妁
00887	A00887	U+599D	22941	妝
00888	A00888	U+5992	22930	妒
00889	A00889	U+59A8	22952	妨
00890	A00890	U+599E	22942	妞
00891	A00891	U+59A3	22947	妣
00892	A00892	U+5999	22937	妙
00893	A00893	U+5996	22934	妖
00894	A00894	U+598D	22925	妍
00895	A00895	U+59A4	22948	妤
00896	A00896	U+5993	22931	妓
00897	A00897	U+598A	22922	妊
00898	A00898	U+59A5	22949	妥
00899	A00899	U+59BE	22974	妾
00900	A00900	U+59BB	22971	妻
00901	A00901	U+59D4	22996	委
00902	A00902	U+59B9	22969	妹
00903	A00903	U+59AE	22958	妮
00904	A00904	U+59D1	22993	姑
00905	A00905	U+59C6	22982	姆
00906	A00906	U+59D0	22992	姐
00907	A00907	U+59CD	22989	姍
00908	A00908	U+59CB	22987	始
00909	A00909	U+59D3	22995	姓
00910	A00910	U+59CA	22986	姊
00911	A00911	U+59AF	22959	妯
00912	A00912	U+59B3	22963	妳
00913	A00913	U+59D2	22994	姒
00914	A00914	U+59DC	23004	姜
00915	A00915	U+59D8	23000	姘
00916	A00916	U+59FF	23039	姿
00917	A00917	U+59E3	23011	姣
00918	A00918	U+59E8	23016	姨
00919	A00919	U+5A03	23043	娃
00920	A00920	U+59E5	23013	姥
00921	A00921	U+59EA	23018	姪
00922	A00922	U+59DA	23002	姚
00923	A00923	U+59E6	23014	姦
00924	A00924	U+5A01	23041	威
00925	A00925	U+59FB	23035	姻
00926	A00926	U+5A11	23057	娑
00927	A00927	U+5A18	23064	娘
00928	A00928	U+5A1C	23068	娜
00929	A00929	U+5A1F	23071	娟
00930	A00930	U+5A1B	23067	娛
00931	A00931	U+5A13	23059	娓
00932	A00932	U+59EC	23020	姬
00933	A00933	U+5A20	23072	娠
00934	A00934	U+5A23	23075	娣
00935	A00935	U+5A29	23081	娩
00936	A00936	U+5A25	23077	娥
00937	A00937	U+5A0C	23052	娌
00938	A00938	U+5A36	23094	娶
00939	A00939	U+5A41	23105	婁
00940	A00940	U+5A49	23113	婉
00941	A00941	U+5A66	23142	婦
00942	A00942	U+5A6A	23146	婪
00943	A00943	U+5A40	23104	婀
00944	A00944	U+5A3C	23100	娼
00945	A00945	U+5A62	23138	婢
00946	A00946	U+5A5A	23130	婚
00947	A00947	U+5A46	23110	婆
00948	A00948	U+5A4A	23114	婊
00949	A00949	U+5A77	23159	婷
00950	A00950	U+5A9A	23194	媚
00951	A00951	U+5A7F	23167	婿
00952	A00952	U+5A92	23186	媒
00953	A00953	U+5A9B	23195	媛
00954	A00954	U+5AC1	23233	嫁
00955	A00955	U+5AC9	23241	嫉
00956	A00956	U+5ACC	23244	嫌
00957	A00957	U+5ABE	23230	媾
00958	A00958	U+5ABD	23229	媽
00959	A00959	U+5ABC	23228	媼
00960	A00960	U+5AB3	23219	媳
00961	A00961	U+5AC2	23234	嫂
00962	A00962	U+5AB2	23218	媲
00963	A00963	U+5AE1	23265	嫡
00964	A00964	U+5AE6	23270	嫦
00965	A00965	U+5AE9	23273	嫩
00966	A00966	U+5AD7	23255	嫗
00967	A00967	U+5AD6	23254	嫖
00968	A00968	U+5AD8	23256	嫘
00969	A00969	U+5AE3	23267	嫣
00970	A00970	U+5B09	23305	嬉
00971	A00971	U+5AFB	23291	嫻
00972	A00972	U+5B0B	23307	嬋
00973	A00973	U+5AF5	23285	嫵
00974	A00974	U+5B0C	23308	嬌
00975	A00975	U+5B1D	23325	嬝
00976	A00976	U+5B34	23348	嬴
00977	A00977	U+5B30	23344	嬰
00978	A00978	U+5B2A	23338	嬪
00979	A00979	U+5B24	23332	嬤
00980	A00980	U+5B38	23352	嬸
00981	A00981	U+5B40	23360	孀
00982	A00982	U+5B50	23376	子
00983	A00983	U+5B51	23377	孑
00984	A00984	U+5B53	23379	孓
00985	A00985	U+5B54	23380	孔
00986	A00986	U+5B55	23381	孕
00987	A00987	U+5B57	23383	字
00988	A00988	U+5B58	23384	存
00989	A00989	U+5B5D	23389	孝
00990	A00990	U+5B5C	23388	孜
00991	A00991	U+5B5A	23386	孚
00992	A00992	U+5B5F	23391	孟
00993	A00993	U+5B64	23396	孤
00994	A00994	U+5B63	23395	季
00995	A00995	U+5B69	23401	孩
00996	A00996	U+5B6B	23403	孫
00997	A00997	U+5B70	23408	孰
00998	A00998	U+5B73	23411	孳
00999	A00999	U+5B71	23409	孱
01000	A01000	U+5B75	23413	孵
01001	A01001	U+5B78	23416	學
01002	A01002	U+5B7A	23418	孺
01003	A01003	U+5B7D	23421	孽
01004	A01004	U+5B7F	23423	孿
01005	A01005	U+5B83	23427	它
01006	A01006	U+5B87	23431	宇
01007	A01007	U+5B88	23432	守
01008	A01008	U+5B85	23429	宅
01009	A01009	U+5B89	23433	安
01010	A01010	U+5B8C	23436	完
01011	A01011	U+5B8B	23435	宋
01012	A01012	U+5B8F	23439	宏
01013	A01013	U+5B97	23447	宗
01014	A01014	U+5B9A	23450	定
01015	A01015	U+5B98	23448	官
01016	A01016	U+5B9C	23452	宜
01017	A01017	U+5B99	23449	宙
01018	A01018	U+5B9B	23451	宛
01019	A01019	U+5BA3	23459	宣
01020	A01020	U+5BA6	23462	宦
01021	A01021	U+5BA4	23460	室
01022	A01022	U+5BA2	23458	客
01023	A01023	U+5BA5	23461	宥
01024	A01024	U+5BB0	23472	宰
01025	A01025	U+5BB3	23475	害
01026	A01026	U+5BB6	23478	家
01027	A01027	U+5BB4	23476	宴
01028	A01028	U+5BAE	23470	宮
01029	A01029	U+5BB5	23477	宵
01030	A01030	U+5BB9	23481	容
01031	A01031	U+5BB8	23480	宸
01032	A01032	U+5BC7	23495	寇
01033	A01033	U+5BC5	23493	寅
01034	A01034	U+5BC4	23492	寄
01035	A01035	U+5BC2	23490	寂
01036	A01036	U+5BBF	23487	宿
01037	A01037	U+5BC6	23494	密
01038	A01038	U+5BD2	23506	寒
01039	A01039	U+5BCC	23500	富
01040	A01040	U+5BD3	23507	寓
01041	A01041	U+5BD0	23504	寐
01042	A01042	U+5BDE	23518	寞
01043	A01043	U+5BE7	23527	寧
01044	A01044	U+5BE1	23521	寡
01045	A01045	U+5BE5	23525	寥
01046	A01046	U+5BE6	23526	實
01047	A01047	U+5BE8	23528	寨
01048	A01048	U+5BE2	23522	寢
01049	A01049	U+5BE4	23524	寤
01050	A01050	U+5BDF	23519	察
01051	A01051	U+5BEE	23534	寮
01052	A01052	U+5BEC	23532	寬
01053	A01053	U+5BE9	23529	審
01054	A01054	U+5BEB	23531	寫
01055	A01055	U+5BF5	23541	寵
01056	A01056	U+5BF6	23542	寶
01057	A01057	U+5BF8	23544	寸
01058	A01058	U+5BFA	23546	寺
01059	A01059	U+5C01	23553	封
01060	A01060	U+5C04	23556	射
01061	A01061	U+5C09	23561	尉
01062	A01062	U+5C08	23560	專
01063	A01063	U+5C07	23559	將
01064	A01064	U+5C0A	23562	尊
01065	A01065	U+5C0B	23563	尋
01066	A01066	U+5C0D	23565	對
01067	A01067	U+5C0E	23566	導
01068	A01068	U+5C0F	23567	小
01069	A01069	U+5C11	23569	少
01070	A01070	U+5C16	23574	尖
01071	A01071	U+5C1A	23578	尚
01072	A01072	U+5C24	23588	尤
01073	A01073	U+5C2C	23596	尬
01074	A01074	U+5C31	23601	就
01075	A01075	U+5C37	23607	尷
01076	A01076	U+5C38	23608	尸
01077	A01077	U+5C3A	23610	尺
01078	A01078	U+5C3C	23612	尼
01079	A01079	U+5C40	23616	局
01080	A01080	U+5C41	23617	屁
01081	A01081	U+5C3F	23615	尿
01082	A01082	U+5C3E	23614	尾
01083	A01083	U+5C48	23624	屈
01084	A01084	U+5C45	23621	居
01085	A01085	U+5C46	23622	屆
01086	A01086	U+5C4E	23630	屎
01087	A01087	U+5C4F	23631	屏
01088	A01088	U+5C4D	23629	屍
01089	A01089	U+5C4B	23627	屋
01090	A01090	U+5C51	23633	屑
01091	A01091	U+5C55	23637	展
01092	A01092	U+5C50	23632	屐
01093	A01093	U+5C60	23648	屠
01094	A01094	U+5C5C	23644	屜
01095	A01095	U+5C62	23650	屢
01096	A01096	U+5C64	23652	層
01097	A01097	U+5C65	23653	履
01098	A01098	U+5C6C	23660	屬
01099	A01099	U+5C6F	23663	屯
01100	A01100	U+5C71	23665	山
01101	A01101	U+5C79	23673	屹
01102	A01102	U+5C90	23696	岐
01103	A01103	U+5C91	23697	岑
01104	A01104	U+5C94	23700	岔
01105	A01105	U+5C8C	23692	岌
01106	A01106	U+5CB7	23735	岷
01107	A01107	U+5CA1	23713	岡
01108	A01108	U+5CB8	23736	岸
01109	A01109	U+5CA9	23721	岩
01110	A01110	U+5CAB	23723	岫
01111	A01111	U+5CB1	23729	岱
01112	A01112	U+5CB3	23731	岳
01113	A01113	U+5CD9	23769	峙
01114	A01114	U+5CED	23789	峭
01115	A01115	U+5CFD	23805	峽
01116	A01116	U+5CFB	23803	峻
01117	A01117	U+5CEA	23786	峪
01118	A01118	U+5CE8	23784	峨
01119	A01119	U+5CF0	23792	峰
01120	A01120	U+5CF6	23798	島
01121	A01121	U+5D01	23809	崁
01122	A01122	U+5D07	23815	崇
01123	A01123	U+5D06	23814	崆
01124	A01124	U+5D0E	23822	崎
01125	A01125	U+5D1B	23835	崛
01126	A01126	U+5D16	23830	崖
01127	A01127	U+5D22	23842	崢
01128	A01128	U+5D11	23825	崑
01129	A01129	U+5D29	23849	崩
01130	A01130	U+5D14	23828	崔
01131	A01131	U+5D19	23833	崙
01132	A01132	U+5D4C	23884	嵌
01133	A01133	U+5D50	23888	嵐
01134	A01134	U+5D69	23913	嵩
01135	A01135	U+5D84	23940	嶄
01136	A01136	U+5D87	23943	嶇
01137	A01137	U+5D9D	23965	嶝
01138	A01138	U+5DBC	23996	嶼
01139	A01139	U+5DBA	23994	嶺
01140	A01140	U+5DBD	23997	嶽
01141	A01141	U+5DCD	24013	巍
01142	A01142	U+5DD4	24020	巔
01143	A01143	U+5DD2	24018	巒
01144	A01144	U+5DD6	24022	巖
01145	A01145	U+5DDD	24029	川
01146	A01146	U+5DDE	24030	州
01147	A01147	U+5DE2	24034	巢
01148	A01148	U+5DE5	24037	工
01149	A01149	U+5DE8	24040	巨
01150	A01150	U+5DE7	24039	巧
01151	A01151	U+5DE6	24038	左
01152	A01152	U+5DEB	24043	巫
01153	A01153	U+5DEE	24046	差
01154	A01154	U+5DF1	24049	己
01155	A01155	U+5DF2	24050	已
01156	A01156	U+5DF3	24051	巳
01157	A01157	U+5DF4	24052	巴
01158	A01158	U+5DF7	24055	巷
01159	A01159	U+5DFD	24061	巽
01160	A01160	U+5DFE	24062	巾
01161	A01161	U+5E02	24066	市
01162	A01162	U+5E03	24067	布
01163	A01163	U+5E06	24070	帆
01164	A01164	U+5E0C	24076	希
01165	A01165	U+5E18	24088	帘
01166	A01166	U+5E1A	24090	帚
01167	A01167	U+5E16	24086	帖
01168	A01168	U+5E15	24085	帕
01169	A01169	U+5E1B	24091	帛
01170	A01170	U+5E11	24081	帑
01171	A01171	U+5E1D	24093	帝
01172	A01172	U+5E25	24101	帥
01173	A01173	U+5E2D	24109	席
01174	A01174	U+5E2B	24107	師
01175	A01175	U+5E38	24120	常
01176	A01176	U+5E36	24118	帶
01177	A01177	U+5E33	24115	帳
01178	A01178	U+5E37	24119	帷
01179	A01179	U+5E45	24133	幅
01180	A01180	U+5E3D	24125	帽
01181	A01181	U+5E40	24128	幀
01182	A01182	U+5E4C	24140	幌
01183	A01183	U+5E5B	24155	幛
01184	A01184	U+5E63	24163	幣
01185	A01185	U+5E55	24149	幕
01186	A01186	U+5E57	24151	幗
01187	A01187	U+5E54	24148	幔
01188	A01188	U+5E62	24162	幢
01189	A01189	U+5E5F	24159	幟
01190	A01190	U+5E6B	24171	幫
01191	A01191	U+5E72	24178	干
01192	A01192	U+5E73	24179	平
01193	A01193	U+5E76	24182	并
01194	A01194	U+5E74	24180	年
01195	A01195	U+5E78	24184	幸
01196	A01196	U+5E79	24185	幹
01197	A01197	U+5E7B	24187	幻
01198	A01198	U+5E7C	24188	幼
01199	A01199	U+5E7D	24189	幽
01200	A01200	U+5E7E	24190	幾
01201	A01201	U+5E8F	24207	序
01202	A01202	U+5E87	24199	庇
01203	A01203	U+5E8A	24202	床
01204	A01204	U+5E9A	24218	庚
01205	A01205	U+5E97	24215	店
01206	A01206	U+5E9C	24220	府
01207	A01207	U+5E95	24213	底
01208	A01208	U+5E96	24214	庖
01209	A01209	U+5EA0	24224	庠
01210	A01210	U+5EA6	24230	度
01211	A01211	U+5EAB	24235	庫
01212	A01212	U+5EAD	24237	庭
01213	A01213	U+5EA7	24231	座
01214	A01214	U+5EB7	24247	康
01215	A01215	U+5EB8	24248	庸
01216	A01216	U+5EB6	24246	庶
01217	A01217	U+5EB5	24245	庵
01218	A01218	U+5EBE	24254	庾
01219	A01219	U+5ECA	24266	廊
01220	A01220	U+5EC1	24257	廁
01221	A01221	U+5EC2	24258	廂
01222	A01222	U+5EC9	24265	廉
01223	A01223	U+5EC8	24264	廈
01224	A01224	U+5ED3	24275	廓
01225	A01225	U+5ED6	24278	廖
01226	A01226	U+5EE2	24290	廢
01227	A01227	U+5EDA	24282	廚
01228	A01228	U+5EDF	24287	廟
01229	A01229	U+5EDD	24285	廝
01230	A01230	U+5EE3	24291	廣
01231	A01231	U+5EE0	24288	廠
01232	A01232	U+9F90	40848	龐
01233	A01233	U+5EEC	24300	廬
01234	A01234	U+5EF3	24307	廳
01235	A01235	U+5EF7	24311	廷
01236	A01236	U+5EF6	24310	延
01237	A01237	U+5EFA	24314	建
01238	A01238	U+5EFF	24319	廿
01239	A01239	U+5F01	24321	弁
01240	A01240	U+5F04	24324	弄
01241	A01241	U+5F08	24328	弈
01242	A01242	U+5F0A	24330	弊
01243	A01243	U+5F0F	24335	式
01244	A01244	U+5F12	24338	弒
01245	A01245	U+5F13	24339	弓
01246	A01246	U+5F14	24340	弔
01247	A01247	U+5F15	24341	引
01248	A01248	U+5F18	24344	弘
01249	A01249	U+5F17	24343	弗
01250	A01250	U+5F1B	24347	弛
01251	A01251	U+5F1F	24351	弟
01252	A01252	U+5F26	24358	弦
01253	A01253	U+5F27	24359	弧
01254	A01254	U+5F29	24361	弩
01255	A01255	U+5F2D	24365	弭
01256	A01256	U+5F31	24369	弱
01257	A01257	U+5F35	24373	張
01258	A01258	U+5F37	24375	強
01259	A01259	U+5F3C	24380	弼
01260	A01260	U+5F46	24390	彆
01261	A01261	U+5F48	24392	彈
01262	A01262	U+5F4C	24396	彌
01263	A01263	U+5F4E	24398	彎
01264	A01264	U+5F57	24407	彗
01265	A01265	U+5F59	24409	彙
01266	A01266	U+5F5E	24414	彞
01267	A01267	U+5F64	24420	彤
01268	A01268	U+5F62	24418	形
01269	A01269	U+5F65	24421	彥
01270	A01270	U+5F6C	24428	彬
01271	A01271	U+5F69	24425	彩
01272	A01272	U+5F6B	24427	彫
01273	A01273	U+5F6D	24429	彭
01274	A01274	U+5F70	24432	彰
01275	A01275	U+5F71	24433	影
01276	A01276	U+5F77	24439	彷
01277	A01277	U+5F79	24441	役
01278	A01278	U+5F80	24448	往
01279	A01279	U+5F81	24449	征
01280	A01280	U+5F7F	24447	彿
01281	A01281	U+5F7C	24444	彼
01282	A01282	U+5F88	24456	很
01283	A01283	U+5F85	24453	待
01284	A01284	U+5F8A	24458	徊
01285	A01285	U+5F8B	24459	律
01286	A01286	U+5F87	24455	徇
01287	A01287	U+5F8C	24460	後
01288	A01288	U+5F92	24466	徒
01289	A01289	U+5F91	24465	徑
01290	A01290	U+5F90	24464	徐
01291	A01291	U+5F97	24471	得
01292	A01292	U+5F99	24473	徙
01293	A01293	U+5F9E	24478	從
01294	A01294	U+5F98	24472	徘
01295	A01295	U+5FA1	24481	御
01296	A01296	U+5FA9	24489	復
01297	A01297	U+5FAA	24490	循
01298	A01298	U+5FA8	24488	徨
01299	A01299	U+5FAC	24492	徬
01300	A01300	U+5FAE	24494	微
01301	A01301	U+5FB9	24505	徹
01302	A01302	U+5FB7	24503	德
01303	A01303	U+5FB5	24501	徵
01304	A01304	U+5FBD	24509	徽
01305	A01305	U+5FC3	24515	心
01306	A01306	U+5FC5	24517	必
01307	A01307	U+5FD9	24537	忙
01308	A01308	U+5FD6	24534	忖
01309	A01309	U+5FD8	24536	忘
01310	A01310	U+5FCC	24524	忌
01311	A01311	U+5FD7	24535	志
01312	A01312	U+5FCD	24525	忍
01313	A01313	U+5FF1	24561	忱
01314	A01314	U+5FEB	24555	快
01315	A01315	U+5FDD	24541	忝
01316	A01316	U+5FE0	24544	忠
01317	A01317	U+5FFD	24573	忽
01318	A01318	U+5FF5	24565	念
01319	A01319	U+5FFF	24575	忿
01320	A01320	U+600F	24591	怏
01321	A01321	U+6014	24596	怔
01322	A01322	U+602F	24623	怯
01323	A01323	U+6035	24629	怵
01324	A01324	U+6016	24598	怖
01325	A01325	U+602A	24618	怪
01326	A01326	U+6015	24597	怕
01327	A01327	U+6021	24609	怡
01328	A01328	U+6027	24615	性
01329	A01329	U+6012	24594	怒
01330	A01330	U+601D	24605	思
01331	A01331	U+6020	24608	怠
01332	A01332	U+6025	24613	急
01333	A01333	U+600E	24590	怎
01334	A01334	U+6028	24616	怨
01335	A01335	U+604D	24653	恍
01336	A01336	U+6070	24688	恰
01337	A01337	U+6068	24680	恨
01338	A01338	U+6062	24674	恢
01339	A01339	U+6046	24646	恆
01340	A01340	U+6043	24643	恃
01341	A01341	U+606C	24684	恬
01342	A01342	U+606B	24683	恫
01343	A01343	U+606A	24682	恪
01344	A01344	U+6064	24676	恤
01345	A01345	U+6059	24665	恙
01346	A01346	U+6063	24675	恣
01347	A01347	U+6065	24677	恥
01348	A01348	U+6050	24656	恐
01349	A01349	U+6055	24661	恕
01350	A01350	U+606D	24685	恭
01351	A01351	U+6069	24681	恩
01352	A01352	U+606F	24687	息
01353	A01353	U+6084	24708	悄
01354	A01354	U+609F	24735	悟
01355	A01355	U+609A	24730	悚
01356	A01356	U+608D	24717	悍
01357	A01357	U+6094	24724	悔
01358	A01358	U+608C	24716	悌
01359	A01359	U+6085	24709	悅
01360	A01360	U+6096	24726	悖
01361	A01361	U+607F	24703	恿
01362	A01362	U+60A3	24739	患
01363	A01363	U+6089	24713	悉
01364	A01364	U+60A0	24736	悠
01365	A01365	U+60A8	24744	您
01366	A01366	U+60CB	24779	惋
01367	A01367	U+60B4	24756	悴
01368	A01368	U+60E6	24806	惦
01369	A01369	U+60BD	24765	悽
01370	A01370	U+60C5	24773	情
01371	A01371	U+60BB	24763	悻
01372	A01372	U+60B5	24757	悵
01373	A01373	U+60DC	24796	惜
01374	A01374	U+60BC	24764	悼
01375	A01375	U+60D8	24792	惘
01376	A01376	U+60D5	24789	惕
01377	A01377	U+60C6	24774	惆
01378	A01378	U+60DF	24799	惟
01379	A01379	U+60B8	24760	悸
01380	A01380	U+60DA	24794	惚
01381	A01381	U+60D1	24785	惑
01382	A01382	U+60E1	24801	惡
01383	A01383	U+60B2	24754	悲
01384	A01384	U+60B6	24758	悶
01385	A01385	U+60E0	24800	惠
01386	A01386	U+611C	24860	愜
01387	A01387	U+6123	24867	愣
01388	A01388	U+60FA	24826	惺
01389	A01389	U+6115	24853	愕
01390	A01390	U+60F0	24816	惰
01391	A01391	U+60FB	24827	惻
01392	A01392	U+60F4	24820	惴
01393	A01393	U+6168	24936	慨
01394	A01394	U+60F1	24817	惱
01395	A01395	U+610E	24846	愎
01396	A01396	U+60F6	24822	惶
01397	A01397	U+6109	24841	愉
01398	A01398	U+6100	24832	愀
01399	A01399	U+611A	24858	愚
01400	A01400	U+610F	24847	意
01401	A01401	U+6148	24904	慈
01402	A01402	U+611F	24863	感
01403	A01403	U+60F3	24819	想
01404	A01404	U+611B	24859	愛
01405	A01405	U+60F9	24825	惹
01406	A01406	U+6101	24833	愁
01407	A01407	U+6108	24840	愈
01408	A01408	U+614E	24910	慎
01409	A01409	U+614C	24908	慌
01410	A01410	U+6144	24900	慄
01411	A01411	U+614D	24909	慍
01412	A01412	U+613E	24894	愾
01413	A01413	U+6134	24884	愴
01414	A01414	U+6127	24871	愧
01415	A01415	U+6147	24903	慇
01416	A01416	U+613F	24895	愿
01417	A01417	U+614B	24907	態
01418	A01418	U+6177	24951	慷
01419	A01419	U+6162	24930	慢
01420	A01420	U+6163	24931	慣
01421	A01421	U+615F	24927	慟
01422	A01422	U+615A	24922	慚
01423	A01423	U+6158	24920	慘
01424	A01424	U+6176	24950	慶
01425	A01425	U+6167	24935	慧
01426	A01426	U+616E	24942	慮
01427	A01427	U+615D	24925	慝
01428	A01428	U+6155	24917	慕
01429	A01429	U+6182	24962	憂
01430	A01430	U+617C	24956	慼
01431	A01431	U+6170	24944	慰
01432	A01432	U+616B	24939	慫
01433	A01433	U+617E	24958	慾
01434	A01434	U+61A7	24999	憧
01435	A01435	U+6190	24976	憐
01436	A01436	U+61AB	25003	憫
01437	A01437	U+618E	24974	憎
01438	A01438	U+61AC	25004	憬
01439	A01439	U+619A	24986	憚
01440	A01440	U+61A4	24996	憤
01441	A01441	U+6194	24980	憔
01442	A01442	U+61B2	25010	憲
01443	A01443	U+6191	24977	憑
01444	A01444	U+61A9	25001	憩
01445	A01445	U+618A	24970	憊
01446	A01446	U+61CD	25037	懍
01447	A01447	U+61B6	25014	憶
01448	A01448	U+61BE	25022	憾
01449	A01449	U+61C2	25026	懂
01450	A01450	U+61CA	25034	懊
01451	A01451	U+61C8	25032	懈
01452	A01452	U+61C9	25033	應
01453	A01453	U+61C7	25031	懇
01454	A01454	U+61E6	25062	懦
01455	A01455	U+61E3	25059	懣
01456	A01456	U+61F2	25074	懲
01457	A01457	U+61F7	25079	懷
01458	A01458	U+61F6	25078	懶
01459	A01459	U+61F5	25077	懵
01460	A01460	U+61F8	25080	懸
01461	A01461	U+61FA	25082	懺
01462	A01462	U+61FC	25084	懼
01463	A01463	U+61FE	25086	懾
01464	A01464	U+61FF	25087	懿
01465	A01465	U+6200	25088	戀
01466	A01466	U+6208	25096	戈
01467	A01467	U+620A	25098	戊
01468	A01468	U+620E	25102	戎
01469	A01469	U+620C	25100	戌
01470	A01470	U+620D	25101	戍
01471	A01471	U+6210	25104	成
01472	A01472	U+6212	25106	戒
01473	A01473	U+6211	25105	我
01474	A01474	U+6216	25110	或
01475	A01475	U+6215	25109	戕
01476	A01476	U+621A	25114	戚
01477	A01477	U+621B	25115	戛
01478	A01478	U+621F	25119	戟
01479	A01479	U+6221	25121	戡
01480	A01480	U+6222	25122	戢
01481	A01481	U+622A	25130	截
01482	A01482	U+622E	25134	戮
01483	A01483	U+6230	25136	戰
01484	A01484	U+6232	25138	戲
01485	A01485	U+6234	25140	戴
01486	A01486	U+6233	25139	戳
01487	A01487	U+6236	25142	戶
01488	A01488	U+623F	25151	房
01489	A01489	U+623E	25150	戾
01490	A01490	U+6240	25152	所
01491	A01491	U+6241	25153	扁
01492	A01492	U+6247	25159	扇
01493	A01493	U+6248	25160	扈
01494	A01494	U+6249	25161	扉
01495	A01495	U+624B	25163	手
01496	A01496	U+624D	25165	才
01497	A01497	U+624E	25166	扎
01498	A01498	U+6253	25171	打
01499	A01499	U+6254	25172	扔
01500	A01500	U+6252	25170	扒
01501	A01501	U+6263	25187	扣
01502	A01502	U+625B	25179	扛
01503	A01503	U+6258	25176	托
01504	A01504	U+6284	25220	抄
01505	A01505	U+6297	25239	抗
01506	A01506	U+6296	25238	抖
01507	A01507	U+6280	25216	技
01508	A01508	U+6276	25206	扶
01509	A01509	U+6289	25225	抉
01510	A01510	U+626D	25197	扭
01511	A01511	U+628A	25226	把
01512	A01512	U+627C	25212	扼
01513	A01513	U+627E	25214	找
01514	A01514	U+6279	25209	批
01515	A01515	U+6273	25203	扳
01516	A01516	U+6292	25234	抒
01517	A01517	U+626F	25199	扯
01518	A01518	U+6298	25240	折
01519	A01519	U+626E	25198	扮
01520	A01520	U+6295	25237	投
01521	A01521	U+6293	25235	抓
01522	A01522	U+6291	25233	抑
01523	A01523	U+627F	25215	承
01524	A01524	U+62C9	25289	拉
01525	A01525	U+62CC	25292	拌
01526	A01526	U+62C4	25284	拄
01527	A01527	U+62BF	25279	抿
01528	A01528	U+62C2	25282	拂
01529	A01529	U+62B9	25273	抹
01530	A01530	U+62D2	25298	拒
01531	A01531	U+62DB	25307	招
01532	A01532	U+62AB	25259	披
01533	A01533	U+62D3	25299	拓
01534	A01534	U+62D4	25300	拔
01535	A01535	U+62CB	25291	拋
01536	A01536	U+62C8	25288	拈
01537	A01537	U+62A8	25256	抨
01538	A01538	U+62BD	25277	抽
01539	A01539	U+62BC	25276	押
01540	A01540	U+62D0	25296	拐
01541	A01541	U+62D9	25305	拙
01542	A01542	U+62C7	25287	拇
01543	A01543	U+62CD	25293	拍
01544	A01544	U+62B5	25269	抵
01545	A01545	U+62DA	25306	拚
01546	A01546	U+62B1	25265	抱
01547	A01547	U+62D8	25304	拘
01548	A01548	U+62D6	25302	拖
01549	A01549	U+62D7	25303	拗
01550	A01550	U+62C6	25286	拆
01551	A01551	U+62AC	25260	抬
01552	A01552	U+62CE	25294	拎
01553	A01553	U+62DC	25308	拜
01554	A01554	U+6316	25366	挖
01555	A01555	U+6309	25353	按
01556	A01556	U+62FC	25340	拼
01557	A01557	U+62ED	25325	拭
01558	A01558	U+6301	25345	持
01559	A01559	U+62EE	25326	拮
01560	A01560	U+62FD	25341	拽
01561	A01561	U+6307	25351	指
01562	A01562	U+62F1	25329	拱
01563	A01563	U+62F7	25335	拷
01564	A01564	U+62EF	25327	拯
01565	A01565	U+62EC	25324	括
01566	A01566	U+62FE	25342	拾
01567	A01567	U+62F4	25332	拴
01568	A01568	U+6311	25361	挑
01569	A01569	U+62F3	25331	拳
01570	A01570	U+6308	25352	挈
01571	A01571	U+62FF	25343	拿
01572	A01572	U+634E	25422	捎
01573	A01573	U+633E	25406	挾
01574	A01574	U+632F	25391	振
01575	A01575	U+6355	25429	捕
01576	A01576	U+6342	25410	捂
01577	A01577	U+6346	25414	捆
01578	A01578	U+634F	25423	捏
01579	A01579	U+6349	25417	捉
01580	A01580	U+633A	25402	挺
01581	A01581	U+6350	25424	捐
01582	A01582	U+633D	25405	挽
01583	A01583	U+632A	25386	挪
01584	A01584	U+632B	25387	挫
01585	A01585	U+6328	25384	挨
01586	A01586	U+63A0	25504	掠
01587	A01587	U+63A7	25511	控
01588	A01588	U+6372	25458	捲
01589	A01589	U+6396	25494	掖
01590	A01590	U+63A2	25506	探
01591	A01591	U+63A5	25509	接
01592	A01592	U+6377	25463	捷
01593	A01593	U+6367	25447	捧
01594	A01594	U+6398	25496	掘
01595	A01595	U+63AA	25514	措
01596	A01596	U+6371	25457	捱
01597	A01597	U+63A9	25513	掩
01598	A01598	U+6389	25481	掉
01599	A01599	U+6383	25475	掃
01600	A01600	U+639B	25499	掛
01601	A01601	U+636B	25451	捫
01602	A01602	U+63A8	25512	推
01603	A01603	U+6384	25476	掄
01604	A01604	U+6388	25480	授
01605	A01605	U+6399	25497	掙
01606	A01606	U+63A1	25505	採
01607	A01607	U+63AC	25516	掬
01608	A01608	U+6392	25490	排
01609	A01609	U+638F	25487	掏
01610	A01610	U+6380	25472	掀
01611	A01611	U+637B	25467	捻
01612	A01612	U+6369	25449	捩
01613	A01613	U+6368	25448	捨
01614	A01614	U+63A3	25507	掣
01615	A01615	U+638C	25484	掌
01616	A01616	U+63CF	25551	描
01617	A01617	U+63C0	25536	揀
01618	A01618	U+63E9	25577	揩
01619	A01619	U+63C9	25545	揉
01620	A01620	U+63C6	25542	揆
01621	A01621	U+63CD	25549	揍
01622	A01622	U+63D2	25554	插
01623	A01623	U+63E3	25571	揣
01624	A01624	U+63D0	25552	提
01625	A01625	U+63E1	25569	握
01626	A01626	U+63D6	25558	揖
01627	A01627	U+63ED	25581	揭
01628	A01628	U+63EE	25582	揮
01629	A01629	U+6376	25462	捶
01630	A01630	U+63F4	25588	援
01631	A01631	U+63EA	25578	揪
01632	A01632	U+63DB	25563	換
01633	A01633	U+6452	25682	摒
01634	A01634	U+63DA	25562	揚
01635	A01635	U+6413	25619	搓
01636	A01636	U+643E	25662	搾
01637	A01637	U+641E	25630	搞
01638	A01638	U+642A	25642	搪
01639	A01639	U+642D	25645	搭
01640	A01640	U+643D	25661	搽
01641	A01641	U+642C	25644	搬
01642	A01642	U+640F	25615	搏
01643	A01643	U+641C	25628	搜
01644	A01644	U+6414	25620	搔
01645	A01645	U+640D	25613	損
01646	A01646	U+6436	25654	搶
01647	A01647	U+6416	25622	搖
01648	A01648	U+6417	25623	搗
01649	A01649	U+6487	25735	撇
01650	A01650	U+6458	25688	摘
01651	A01651	U+6454	25684	摔
01652	A01652	U+64A4	25764	撤
01653	A01653	U+6478	25720	摸
01654	A01654	U+645F	25695	摟
01655	A01655	U+647A	25722	摺
01656	A01656	U+6451	25681	摑
01657	A01657	U+6467	25703	摧
01658	A01658	U+6469	25705	摩
01659	A01659	U+646F	25711	摯
01660	A01660	U+6479	25721	摹
01661	A01661	U+649E	25758	撞
01662	A01662	U+64B2	25778	撲
01663	A01663	U+6488	25736	撈
01664	A01664	U+6490	25744	撐
01665	A01665	U+64B0	25776	撰
01666	A01666	U+64A5	25765	撥
01667	A01667	U+6493	25747	撓
01668	A01668	U+6495	25749	撕
01669	A01669	U+64A9	25769	撩
01670	A01670	U+6492	25746	撒
01671	A01671	U+64AE	25774	撮
01672	A01672	U+64AD	25773	播
01673	A01673	U+64AB	25771	撫
01674	A01674	U+649A	25754	撚
01675	A01675	U+64AC	25772	撬
01676	A01676	U+64C5	25797	擅
01677	A01677	U+64C1	25793	擁
01678	A01678	U+64CB	25803	擋
01679	A01679	U+64BB	25787	撻
01680	A01680	U+64BC	25788	撼
01681	A01681	U+64DA	25818	據
01682	A01682	U+64C4	25796	擄
01683	A01683	U+64C7	25799	擇
01684	A01684	U+64C2	25794	擂
01685	A01685	U+64CD	25805	操
01686	A01686	U+64BF	25791	撿
01687	A01687	U+64D2	25810	擒
01688	A01688	U+64D4	25812	擔
01689	A01689	U+64CE	25806	擎
01690	A01690	U+64CA	25802	擊
01691	A01691	U+64D8	25816	擘
01692	A01692	U+64E0	25824	擠
01693	A01693	U+64F0	25840	擰
01694	A01694	U+64E6	25830	擦
01695	A01695	U+64EC	25836	擬
01696	A01696	U+64F1	25841	擱
01697	A01697	U+64F4	25844	擴
01698	A01698	U+64F2	25842	擲
01699	A01699	U+64FE	25854	擾
01700	A01700	U+6506	25862	攆
01701	A01701	U+64FA	25850	擺
01702	A01702	U+64FB	25851	擻
01703	A01703	U+6500	25856	攀
01704	A01704	U+650F	25871	攏
01705	A01705	U+6518	25880	攘
01706	A01706	U+6514	25876	攔
01707	A01707	U+6519	25881	攙
01708	A01708	U+651D	25885	攝
01709	A01709	U+651C	25884	攜
01710	A01710	U+6524	25892	攤
01711	A01711	U+6523	25891	攣
01712	A01712	U+652B	25899	攫
01713	A01713	U+652A	25898	攪
01714	A01714	U+652C	25900	攬
01715	A01715	U+652F	25903	支
01716	A01716	U+6536	25910	收
01717	A01717	U+6539	25913	改
01718	A01718	U+653B	25915	攻
01719	A01719	U+653E	25918	放
01720	A01720	U+653F	25919	政
01721	A01721	U+6545	25925	故
01722	A01722	U+6548	25928	效
01723	A01723	U+655D	25949	敝
01724	A01724	U+6556	25942	敖
01725	A01725	U+6551	25937	救
01726	A01726	U+6559	25945	教
01727	A01727	U+6557	25943	敗
01728	A01728	U+555F	21855	啟
01729	A01729	U+654F	25935	敏
01730	A01730	U+6558	25944	敘
01731	A01731	U+655E	25950	敞
01732	A01732	U+6566	25958	敦
01733	A01733	U+6562	25954	敢
01734	A01734	U+6563	25955	散
01735	A01735	U+656C	25964	敬
01736	A01736	U+6572	25970	敲
01737	A01737	U+6575	25973	敵
01738	A01738	U+6577	25975	敷
01739	A01739	U+6578	25976	數
01740	A01740	U+6574	25972	整
01741	A01741	U+6582	25986	斂
01742	A01742	U+6583	25987	斃
01743	A01743	U+6587	25991	文
01744	A01744	U+6591	26001	斑
01745	A01745	U+6590	26000	斐
01746	A01746	U+6597	26007	斗
01747	A01747	U+6599	26009	料
01748	A01748	U+659C	26012	斜
01749	A01749	U+659F	26015	斟
01750	A01750	U+65A1	26017	斡
01751	A01751	U+65A4	26020	斤
01752	A01752	U+65A5	26021	斥
01753	A01753	U+65A7	26023	斧
01754	A01754	U+65AB	26027	斫
01755	A01755	U+65AC	26028	斬
01756	A01756	U+65AF	26031	斯
01757	A01757	U+65B0	26032	新
01758	A01758	U+65B7	26039	斷
01759	A01759	U+65B9	26041	方
01760	A01760	U+65BC	26044	於
01761	A01761	U+65BD	26045	施
01762	A01762	U+65C1	26049	旁
01763	A01763	U+65C5	26053	旅
01764	A01764	U+65CF	26063	族
01765	A01765	U+65CB	26059	旋
01766	A01766	U+65CC	26060	旌
01767	A01767	U+65CE	26062	旎
01768	A01768	U+65D7	26071	旗
01769	A01769	U+65D6	26070	旖
01770	A01770	U+65E2	26082	既
01771	A01771	U+65E5	26085	日
01772	A01772	U+65E6	26086	旦
01773	A01773	U+65E9	26089	早
01774	A01774	U+65E8	26088	旨
01775	A01775	U+65EC	26092	旬
01776	A01776	U+65ED	26093	旭
01777	A01777	U+65F1	26097	旱
01778	A01778	U+65FA	26106	旺
01779	A01779	U+6614	26132	昔
01780	A01780	U+6613	26131	易
01781	A01781	U+660C	26124	昌
01782	A01782	U+6606	26118	昆
01783	A01783	U+6602	26114	昂
01784	A01784	U+660E	26126	明
01785	A01785	U+6600	26112	昀
01786	A01786	U+660F	26127	昏
01787	A01787	U+6625	26149	春
01788	A01788	U+662D	26157	昭
01789	A01789	U+6620	26144	映
01790	A01790	U+6627	26151	昧
01791	A01791	U+662F	26159	是
01792	A01792	U+661F	26143	星
01793	A01793	U+6628	26152	昨
01794	A01794	U+6642	26178	時
01795	A01795	U+6649	26185	晉
01796	A01796	U+664F	26191	晏
01797	A01797	U+6643	26179	晃
01798	A01798	U+6652	26194	晒
01799	A01799	U+664C	26188	晌
01800	A01800	U+665D	26205	晝
01801	A01801	U+665A	26202	晚
01802	A01802	U+6664	26212	晤
01803	A01803	U+6668	26216	晨
01804	A01804	U+6666	26214	晦
01805	A01805	U+666E	26222	普
01806	A01806	U+6670	26224	晰
01807	A01807	U+6674	26228	晴
01808	A01808	U+6676	26230	晶
01809	A01809	U+666F	26223	景
01810	A01810	U+6691	26257	暑
01811	A01811	U+667A	26234	智
01812	A01812	U+6697	26263	暗
01813	A01813	U+6689	26249	暉
01814	A01814	U+6687	26247	暇
01815	A01815	U+6688	26248	暈
01816	A01816	U+6696	26262	暖
01817	A01817	U+66A2	26274	暢
01818	A01818	U+66A8	26280	暨
01819	A01819	U+66AE	26286	暮
01820	A01820	U+66AB	26283	暫
01821	A01821	U+66B4	26292	暴
01822	A01822	U+66C6	26310	曆
01823	A01823	U+66C9	26313	曉
01824	A01824	U+66B9	26297	暹
01825	A01825	U+66D9	26329	曙
01826	A01826	U+66D6	26326	曖
01827	A01827	U+66E0	26336	曠
01828	A01828	U+66DD	26333	曝
01829	A01829	U+66E6	26342	曦
01830	A01830	U+66F0	26352	曰
01831	A01831	U+66F2	26354	曲
01832	A01832	U+66F3	26355	曳
01833	A01833	U+66F4	26356	更
01834	A01834	U+66F7	26359	曷
01835	A01835	U+66F8	26360	書
01836	A01836	U+66F9	26361	曹
01837	A01837	U+52D7	21207	勗
01838	A01838	U+66FE	26366	曾
01839	A01839	U+66FF	26367	替
01840	A01840	U+6703	26371	會
01841	A01841	U+6708	26376	月
01842	A01842	U+6709	26377	有
01843	A01843	U+670D	26381	服
01844	A01844	U+670B	26379	朋
01845	A01845	U+6714	26388	朔
01846	A01846	U+6715	26389	朕
01847	A01847	U+6717	26391	朗
01848	A01848	U+671B	26395	望
01849	A01849	U+671F	26399	期
01850	A01850	U+671D	26397	朝
01851	A01851	U+6726	26406	朦
01852	A01852	U+6727	26407	朧
01853	A01853	U+6728	26408	木
01854	A01854	U+672E	26414	朮
01855	A01855	U+672C	26412	本
01856	A01856	U+672A	26410	未
01857	A01857	U+672B	26411	末
01858	A01858	U+672D	26413	札
01859	A01859	U+673D	26429	朽
01860	A01860	U+6734	26420	朴
01861	A01861	U+6731	26417	朱
01862	A01862	U+6735	26421	朵
01863	A01863	U+675F	26463	束
01864	A01864	U+674E	26446	李
01865	A01865	U+674F	26447	杏
01866	A01866	U+6750	26448	材
01867	A01867	U+6751	26449	村
01868	A01868	U+675C	26460	杜
01869	A01869	U+6756	26454	杖
01870	A01870	U+675E	26462	杞
01871	A01871	U+6749	26441	杉
01872	A01872	U+676D	26477	杭
01873	A01873	U+678B	26507	枋
01874	A01874	U+6795	26517	枕
01875	A01875	U+6771	26481	東
01876	A01876	U+679C	26524	果
01877	A01877	U+6773	26483	杳
01878	A01878	U+6777	26487	杷
01879	A01879	U+6787	26503	枇
01880	A01880	U+679D	26525	枝
01881	A01881	U+6797	26519	林
01882	A01882	U+676F	26479	杯
01883	A01883	U+6770	26480	杰
01884	A01884	U+677F	26495	板
01885	A01885	U+6789	26505	枉
01886	A01886	U+677E	26494	松
01887	A01887	U+6790	26512	析
01888	A01888	U+6775	26485	杵
01889	A01889	U+679A	26522	枚
01890	A01890	U+67FF	26623	柿
01891	A01891	U+67D3	26579	染
01892	A01892	U+67F1	26609	柱
01893	A01893	U+67D4	26580	柔
01894	A01894	U+67D0	26576	某
01895	A01895	U+67EC	26604	柬
01896	A01896	U+67B6	26550	架
01897	A01897	U+67AF	26543	枯
01898	A01898	U+67F5	26613	柵
01899	A01899	U+67E9	26601	柩
01900	A01900	U+67EF	26607	柯
01901	A01901	U+67C4	26564	柄
01902	A01902	U+67D1	26577	柑
01903	A01903	U+67B4	26548	枴
01904	A01904	U+67DA	26586	柚
01905	A01905	U+67E5	26597	查
01906	A01906	U+67B8	26552	枸
01907	A01907	U+67CF	26575	柏
01908	A01908	U+67DE	26590	柞
01909	A01909	U+67F3	26611	柳
01910	A01910	U+6821	26657	校
01911	A01911	U+6838	26680	核
01912	A01912	U+6848	26696	案
01913	A01913	U+6846	26694	框
01914	A01914	U+6853	26707	桓
01915	A01915	U+6839	26681	根
01916	A01916	U+6842	26690	桂
01917	A01917	U+6854	26708	桔
01918	A01918	U+6829	26665	栩
01919	A01919	U+68B3	26803	梳
01920	A01920	U+6817	26647	栗
01921	A01921	U+684C	26700	桌
01922	A01922	U+6851	26705	桑
01923	A01923	U+683D	26685	栽
01924	A01924	U+67F4	26612	柴
01925	A01925	U+6850	26704	桐
01926	A01926	U+6840	26688	桀
01927	A01927	U+683C	26684	格
01928	A01928	U+6843	26691	桃
01929	A01929	U+682A	26666	株
01930	A01930	U+6845	26693	桅
01931	A01931	U+6813	26643	栓
01932	A01932	U+6881	26753	梁
01933	A01933	U+68AF	26799	梯
01934	A01934	U+68A2	26786	梢
01935	A01935	U+6893	26771	梓
01936	A01936	U+68B5	26805	梵
01937	A01937	U+687F	26751	桿
01938	A01938	U+6876	26742	桶
01939	A01939	U+68B1	26801	梱
01940	A01940	U+68A7	26791	梧
01941	A01941	U+6897	26775	梗
01942	A01942	U+68B0	26800	械
01943	A01943	U+6883	26755	梃
01944	A01944	U+68C4	26820	棄
01945	A01945	U+68AD	26797	梭
01946	A01946	U+6886	26758	梆
01947	A01947	U+6885	26757	梅
01948	A01948	U+6894	26772	梔
01949	A01949	U+689D	26781	條
01950	A01950	U+68A8	26792	梨
01951	A01951	U+689F	26783	梟
01952	A01952	U+68FA	26874	棺
01953	A01953	U+68D5	26837	棕
01954	A01954	U+68E0	26848	棠
01955	A01955	U+68D8	26840	棘
01956	A01956	U+68D7	26839	棗
01957	A01957	U+6905	26885	椅
01958	A01958	U+68DF	26847	棟
01959	A01959	U+68F5	26869	棵
01960	A01960	U+68EE	26862	森
01961	A01961	U+68E7	26855	棧
01962	A01962	U+68F9	26873	棹
01963	A01963	U+68D2	26834	棒
01964	A01964	U+68F2	26866	棲
01965	A01965	U+68E3	26851	棣
01966	A01966	U+68CB	26827	棋
01967	A01967	U+68CD	26829	棍
01968	A01968	U+690D	26893	植
01969	A01969	U+6912	26898	椒
01970	A01970	U+690E	26894	椎
01971	A01971	U+68C9	26825	棉
01972	A01972	U+68DA	26842	棚
01973	A01973	U+6994	27028	榔
01974	A01974	U+696D	26989	業
01975	A01975	U+695A	26970	楚
01976	A01976	U+6977	26999	楷
01977	A01977	U+6960	26976	楠
01978	A01978	U+6954	26964	楔
01979	A01979	U+6975	26997	極
01980	A01980	U+6930	26928	椰
01981	A01981	U+6982	27010	概
01982	A01982	U+694A	26954	楊
01983	A01983	U+6968	26984	楨
01984	A01984	U+696B	26987	楫
01985	A01985	U+695E	26974	楞
01986	A01986	U+6953	26963	楓
01987	A01987	U+6979	27001	楹
01988	A01988	U+6986	27014	榆
01989	A01989	U+699C	27036	榜
01990	A01990	U+69A8	27048	榨
01991	A01991	U+6995	27029	榕
01992	A01992	U+69C1	27073	槁
01993	A01993	U+69AE	27054	榮
01994	A01994	U+69D3	27091	槓
01995	A01995	U+69CB	27083	構
01996	A01996	U+699B	27035	榛
01997	A01997	U+69B7	27063	榷
01998	A01998	U+69BB	27067	榻
01999	A01999	U+69AB	27051	榫
02000	A02000	U+69B4	27060	榴
02001	A02001	U+69D0	27088	槐
02002	A02002	U+69CD	27085	槍
02003	A02003	U+69AD	27053	榭
02004	A02004	U+69CC	27084	槌
02005	A02005	U+6A23	27171	樣
02006	A02006	U+6A1F	27167	樟
02007	A02007	U+69E8	27112	槨
02008	A02008	U+6A01	27137	樁
02009	A02009	U+6A1E	27166	樞
02010	A02010	U+6A19	27161	標
02011	A02011	U+69FD	27133	槽
02012	A02012	U+6A21	27169	模
02013	A02013	U+6A13	27155	樓
02014	A02014	U+6A0A	27146	樊
02015	A02015	U+69F3	27123	槳
02016	A02016	U+6A02	27138	樂
02017	A02017	U+6A05	27141	樅
02018	A02018	U+6A3D	27197	樽
02019	A02019	U+6A38	27192	樸
02020	A02020	U+6A3A	27194	樺
02021	A02021	U+6A59	27225	橙
02022	A02022	U+6A6B	27243	橫
02023	A02023	U+6A58	27224	橘
02024	A02024	U+6A39	27193	樹
02025	A02025	U+6A44	27204	橄
02026	A02026	U+6A62	27234	橢
02027	A02027	U+6A61	27233	橡
02028	A02028	U+6A4B	27211	橋
02029	A02029	U+6A47	27207	橇
02030	A02030	U+6A35	27189	樵
02031	A02031	U+6A5F	27231	機
02032	A02032	U+6A80	27264	檀
02033	A02033	U+6A94	27284	檔
02034	A02034	U+6A84	27268	檄
02035	A02035	U+6AA2	27298	檢
02036	A02036	U+6A9C	27292	檜
02037	A02037	U+6ADB	27355	櫛
02038	A02038	U+6AB3	27315	檳
02039	A02039	U+6AAC	27308	檬
02040	A02040	U+6AC3	27331	櫃
02041	A02041	U+6ABB	27323	檻
02042	A02042	U+6AB8	27320	檸
02043	A02043	U+6AC2	27330	櫂
02044	A02044	U+6AE5	27365	櫥
02045	A02045	U+6ADD	27357	櫝
02046	A02046	U+6ADA	27354	櫚
02047	A02047	U+6AD3	27347	櫓
02048	A02048	U+6AFB	27387	櫻
02049	A02049	U+6B04	27396	欄
02050	A02050	U+6B0A	27402	權
02051	A02051	U+6B16	27414	欖
02052	A02052	U+6B20	27424	欠
02053	A02053	U+6B21	27425	次
02054	A02054	U+6B23	27427	欣
02055	A02055	U+6B32	27442	欲
02056	A02056	U+6B3E	27454	款
02057	A02057	U+6B3A	27450	欺
02058	A02058	U+6B3D	27453	欽
02059	A02059	U+6B47	27463	歇
02060	A02060	U+6B49	27465	歉
02061	A02061	U+6B4C	27468	歌
02062	A02062	U+6B50	27472	歐
02063	A02063	U+6B59	27481	歙
02064	A02064	U+6B5F	27487	歟
02065	A02065	U+6B61	27489	歡
02066	A02066	U+6B62	27490	止
02067	A02067	U+6B63	27491	正
02068	A02068	U+6B64	27492	此
02069	A02069	U+6B65	27493	步
02070	A02070	U+6B66	27494	武
02071	A02071	U+6B67	27495	歧
02072	A02072	U+6B6A	27498	歪
02073	A02073	U+6B72	27506	歲
02074	A02074	U+6B77	27511	歷
02075	A02075	U+6B78	27512	歸
02076	A02076	U+6B79	27513	歹
02077	A02077	U+6B7B	27515	死
02078	A02078	U+6B7F	27519	歿
02079	A02079	U+6B83	27523	殃
02080	A02080	U+6B86	27526	殆
02081	A02081	U+6B8A	27530	殊
02082	A02082	U+6B89	27529	殉
02083	A02083	U+6B98	27544	殘
02084	A02084	U+6B96	27542	殖
02085	A02085	U+6BA4	27556	殤
02086	A02086	U+6BAE	27566	殮
02087	A02087	U+6BAF	27567	殯
02088	A02088	U+6BB2	27570	殲
02089	A02089	U+6BB5	27573	段
02090	A02090	U+6BB7	27575	殷
02091	A02091	U+6BBA	27578	殺
02092	A02092	U+6BBC	27580	殼
02093	A02093	U+6BC0	27584	毀
02094	A02094	U+6BBF	27583	殿
02095	A02095	U+6BC5	27589	毅
02096	A02096	U+6BC6	27590	毆
02097	A02097	U+6BCB	27595	毋
02098	A02098	U+6BCD	27597	母
02099	A02099	U+6BCF	27599	每
02100	A02100	U+6BD2	27602	毒
02101	A02101	U+6BD3	27603	毓
02102	A02102	U+6BD4	27604	比
02103	A02103	U+6BD7	27607	毗
02104	A02104	U+6BDB	27611	毛
02105	A02105	U+6BEB	27627	毫
02106	A02106	U+6BEF	27631	毯
02107	A02107	U+6BFD	27645	毽
02108	A02108	U+6C0F	27663	氏
02109	A02109	U+6C11	27665	民
02110	A02110	U+6C10	27664	氐
02111	A02111	U+6C13	27667	氓
02112	A02112	U+6C16	27670	氖
02113	A02113	U+6C1B	27675	氛
02114	A02114	U+6C1F	27679	氟
02115	A02115	U+6C23	27683	氣
02116	A02116	U+6C27	27687	氧
02117	A02117	U+6C28	27688	氨
02118	A02118	U+6C26	27686	氦
02119	A02119	U+6C24	27684	氤
02120	A02120	U+6C2B	27691	氫
02121	A02121	U+6C2E	27694	氮
02122	A02122	U+6C2F	27695	氯
02123	A02123	U+6C33	27699	氳
02124	A02124	U+6C34	27700	水
02125	A02125	U+6C38	27704	永
02126	A02126	U+6C41	27713	汁
02127	A02127	U+6C40	27712	汀
02128	A02128	U+6C3E	27710	氾
02129	A02129	U+6C42	27714	求
02130	A02130	U+6C5D	27741	汝
02131	A02131	U+6C57	27735	汗
02132	A02132	U+6C59	27737	汙
02133	A02133	U+6C5F	27743	江
02134	A02134	U+6C60	27744	池
02135	A02135	U+6C50	27728	汐
02136	A02136	U+6C55	27733	汕
02137	A02137	U+6C5E	27742	汞
02138	A02138	U+6C99	27801	沙
02139	A02139	U+6C81	27777	沁
02140	A02140	U+6C88	27784	沈
02141	A02141	U+6C89	27785	沉
02142	A02142	U+6C85	27781	沅
02143	A02143	U+6C9B	27803	沛
02144	A02144	U+6C6A	27754	汪
02145	A02145	U+6C7A	27770	決
02146	A02146	U+6C90	27792	沐
02147	A02147	U+6C70	27760	汰
02148	A02148	U+6C8C	27788	沌
02149	A02149	U+6C69	27753	汨
02150	A02150	U+6C96	27798	沖
02151	A02151	U+6C92	27794	沒
02152	A02152	U+6C7D	27773	汽
02153	A02153	U+6C83	27779	沃
02154	A02154	U+6C72	27762	汲
02155	A02155	U+6C7E	27774	汾
02156	A02156	U+6CE3	27875	泣
02157	A02157	U+6CE8	27880	注
02158	A02158	U+6CF3	27891	泳
02159	A02159	U+6CB1	27825	沱
02160	A02160	U+6CCC	27852	泌
02161	A02161	U+6CE5	27877	泥
02162	A02162	U+6CB3	27827	河
02163	A02163	U+6CBD	27837	沽
02164	A02164	U+6CBE	27838	沾
02165	A02165	U+6CBC	27836	沼
02166	A02166	U+6CE2	27874	波
02167	A02167	U+6CAB	27819	沫
02168	A02168	U+6CD5	27861	法
02169	A02169	U+6CD3	27859	泓
02170	A02170	U+6CB8	27832	沸
02171	A02171	U+6CC4	27844	泄
02172	A02172	U+6CB9	27833	油
02173	A02173	U+6CC1	27841	況
02174	A02174	U+6CAE	27822	沮
02175	A02175	U+6CD7	27863	泗
02176	A02176	U+6CC5	27845	泅
02177	A02177	U+6CF1	27889	泱
02178	A02178	U+6CBF	27839	沿
02179	A02179	U+6CBB	27835	治
02180	A02180	U+6CE1	27873	泡
02181	A02181	U+6CDB	27867	泛
02182	A02182	U+6CCA	27850	泊
02183	A02183	U+6CC9	27849	泉
02184	A02184	U+6CF0	27888	泰
02185	A02185	U+6D0B	27915	洋
02186	A02186	U+6D32	27954	洲
02187	A02187	U+6D2A	27946	洪
02188	A02188	U+6D41	27969	流
02189	A02189	U+6D25	27941	津
02190	A02190	U+6D0C	27916	洌
02191	A02191	U+6D31	27953	洱
02192	A02192	U+6D1E	27934	洞
02193	A02193	U+6D17	27927	洗
02194	A02194	U+6D3B	27963	活
02195	A02195	U+6D3D	27965	洽
02196	A02196	U+6D3E	27966	派
02197	A02197	U+6D36	27958	洶
02198	A02198	U+6D1B	27931	洛
02199	A02199	U+6D6A	28010	浪
02200	A02200	U+6D95	28053	涕
02201	A02201	U+6D88	28040	消
02202	A02202	U+6D87	28039	涇
02203	A02203	U+6D66	28006	浦
02204	A02204	U+6D78	28024	浸
02205	A02205	U+6D77	28023	海
02206	A02206	U+6D59	27993	浙
02207	A02207	U+6D93	28051	涓
02208	A02208	U+6D6C	28012	浬
02209	A02209	U+6D89	28041	涉
02210	A02210	U+6D6E	28014	浮
02211	A02211	U+6D5A	27994	浚
02212	A02212	U+6D74	28020	浴
02213	A02213	U+6D69	28009	浩
02214	A02214	U+6D8E	28046	涎
02215	A02215	U+6DBC	28092	涼
02216	A02216	U+6DF3	28147	淳
02217	A02217	U+6DD9	28121	淙
02218	A02218	U+6DB2	28082	液
02219	A02219	U+6DE1	28129	淡
02220	A02220	U+6DCC	28108	淌
02221	A02221	U+6DE4	28132	淤
02222	A02222	U+6DFB	28155	添
02223	A02223	U+6DFA	28154	淺
02224	A02224	U+6E05	28165	清
02225	A02225	U+6DC7	28103	淇
02226	A02226	U+6DCB	28107	淋
02227	A02227	U+6DAF	28079	涯
02228	A02228	U+6DD1	28113	淑
02229	A02229	U+6DAE	28078	涮
02230	A02230	U+6DDE	28126	淞
02231	A02231	U+6DF9	28153	淹
02232	A02232	U+6DB8	28088	涸
02233	A02233	U+6DF7	28151	混
02234	A02234	U+6DF5	28149	淵
02235	A02235	U+6DC5	28101	淅
02236	A02236	U+6DD2	28114	淒
02237	A02237	U+6E1A	28186	渚
02238	A02238	U+6DB5	28085	涵
02239	A02239	U+6DDA	28122	淚
02240	A02240	U+6DEB	28139	淫
02241	A02241	U+6DD8	28120	淘
02242	A02242	U+6DEA	28138	淪
02243	A02243	U+6DF1	28145	深
02244	A02244	U+6DEE	28142	淮
02245	A02245	U+6DE8	28136	淨
02246	A02246	U+6DC6	28102	淆
02247	A02247	U+6DC4	28100	淄
02248	A02248	U+6E2F	28207	港
02249	A02249	U+6E38	28216	游
02250	A02250	U+6E54	28244	湔
02251	A02251	U+6E21	28193	渡
02252	A02252	U+6E32	28210	渲
02253	A02253	U+6E67	28263	湧
02254	A02254	U+6E4A	28234	湊
02255	A02255	U+6E20	28192	渠
02256	A02256	U+6E25	28197	渥
02257	A02257	U+6E23	28195	渣
02258	A02258	U+6E1B	28187	減
02259	A02259	U+6E5B	28251	湛
02260	A02260	U+6E58	28248	湘
02261	A02261	U+6E24	28196	渤
02262	A02262	U+6E56	28246	湖
02263	A02263	U+6E6E	28270	湮
02264	A02264	U+6E2D	28205	渭
02265	A02265	U+6E26	28198	渦
02266	A02266	U+6E6F	28271	湯
02267	A02267	U+6E34	28212	渴
02268	A02268	U+6E4D	28237	湍
02269	A02269	U+6E3A	28218	渺
02270	A02270	U+6E2C	28204	測
02271	A02271	U+6E43	28227	湃
02272	A02272	U+6E1D	28189	渝
02273	A02273	U+6E3E	28222	渾
02274	A02274	U+6ECB	28363	滋
02275	A02275	U+6E89	28297	溉
02276	A02276	U+6E19	28185	渙
02277	A02277	U+6EA2	28322	溢
02278	A02278	U+6EAF	28335	溯
02279	A02279	U+6ED3	28371	滓
02280	A02280	U+6EB6	28342	溶
02281	A02281	U+6EC2	28354	滂
02282	A02282	U+6E90	28304	源
02283	A02283	U+6E9D	28317	溝
02284	A02284	U+6EC7	28359	滇
02285	A02285	U+6EC5	28357	滅
02286	A02286	U+6EA5	28325	溥
02287	A02287	U+6E98	28312	溘
02288	A02288	U+6EBC	28348	溼
02289	A02289	U+6EBA	28346	溺
02290	A02290	U+6EAB	28331	溫
02291	A02291	U+6ED1	28369	滑
02292	A02292	U+6E96	28310	準
02293	A02293	U+6E9C	28316	溜
02294	A02294	U+6EC4	28356	滄
02295	A02295	U+6ED4	28372	滔
02296	A02296	U+6EAA	28330	溪
02297	A02297	U+6F33	28467	漳
02298	A02298	U+6F14	28436	演
02299	A02299	U+6EFE	28414	滾
02300	A02300	U+6F13	28435	漓
02301	A02301	U+6EF4	28404	滴
02302	A02302	U+6F29	28457	漩
02303	A02303	U+6F3E	28478	漾
02304	A02304	U+6F20	28448	漠
02305	A02305	U+6F2C	28460	漬
02306	A02306	U+6F0F	28431	漏
02307	A02307	U+6F02	28418	漂
02308	A02308	U+6F22	28450	漢
02309	A02309	U+6EFF	28415	滿
02310	A02310	U+6EEF	28399	滯
02311	A02311	U+6F06	28422	漆
02312	A02312	U+6F31	28465	漱
02313	A02313	U+6F38	28472	漸
02314	A02314	U+6F32	28466	漲
02315	A02315	U+6F23	28451	漣
02316	A02316	U+6F15	28437	漕
02317	A02317	U+6F2B	28459	漫
02318	A02318	U+6F2F	28463	漯
02319	A02319	U+6F88	28552	澈
02320	A02320	U+6F2A	28458	漪
02321	A02321	U+6EEC	28396	滬
02322	A02322	U+6F01	28417	漁
02323	A02323	U+6EF2	28402	滲
02324	A02324	U+6ECC	28364	滌
02325	A02325	U+6F3F	28479	漿
02326	A02326	U+6F7C	28540	潼
02327	A02327	U+6F84	28548	澄
02328	A02328	U+6F51	28497	潑
02329	A02329	U+6F66	28518	潦
02330	A02330	U+6F54	28500	潔
02331	A02331	U+6F86	28550	澆
02332	A02332	U+6F6D	28525	潭
02333	A02333	U+6F5B	28507	潛
02334	A02334	U+6F78	28536	潸
02335	A02335	U+6F6E	28526	潮
02336	A02336	U+6F8E	28558	澎
02337	A02337	U+6F7A	28538	潺
02338	A02338	U+6F70	28528	潰
02339	A02339	U+6F64	28516	潤
02340	A02340	U+6F97	28567	澗
02341	A02341	U+6F58	28504	潘
02342	A02342	U+6FC2	28610	濂
02343	A02343	U+6FB1	28593	澱
02344	A02344	U+6FA1	28577	澡
02345	A02345	U+6FC3	28611	濃
02346	A02346	U+6FA4	28580	澤
02347	A02347	U+6FC1	28609	濁
02348	A02348	U+6FA7	28583	澧
02349	A02349	U+6FB3	28595	澳
02350	A02350	U+6FC0	28608	激
02351	A02351	U+6FB9	28601	澹
02352	A02352	U+6FD8	28632	濘
02353	A02353	U+6FF1	28657	濱
02354	A02354	U+6FDF	28639	濟
02355	A02355	U+6FE0	28640	濠
02356	A02356	U+6FDB	28635	濛
02357	A02357	U+6FE4	28644	濤
02358	A02358	U+6FEB	28651	濫
02359	A02359	U+6FEF	28655	濯
02360	A02360	U+6F80	28544	澀
02361	A02361	U+6FEC	28652	濬
02362	A02362	U+6FE1	28641	濡
02363	A02363	U+7009	28681	瀉
02364	A02364	U+700B	28683	瀋
02365	A02365	U+6FFE	28670	濾
02366	A02366	U+7006	28678	瀆
02367	A02367	U+6FFA	28666	濺
02368	A02368	U+7011	28689	瀑
02369	A02369	U+700F	28687	瀏
02370	A02370	U+701B	28699	瀛
02371	A02371	U+701F	28703	瀟
02372	A02372	U+7028	28712	瀨
02373	A02373	U+701A	28698	瀚
02374	A02374	U+701D	28701	瀝
02375	A02375	U+7015	28693	瀕
02376	A02376	U+703E	28734	瀾
02377	A02377	U+7030	28720	瀰
02378	A02378	U+704C	28748	灌
02379	A02379	U+7051	28753	灑
02380	A02380	U+7058	28760	灘
02381	A02381	U+7063	28771	灣
02382	A02382	U+7064	28772	灤
02383	A02383	U+706B	28779	火
02384	A02384	U+7070	28784	灰
02385	A02385	U+7076	28790	灶
02386	A02386	U+707C	28796	灼
02387	A02387	U+707D	28797	災
02388	A02388	U+7078	28792	灸
02389	A02389	U+7095	28821	炕
02390	A02390	U+708E	28814	炎
02391	A02391	U+7092	28818	炒
02392	A02392	U+708A	28810	炊
02393	A02393	U+7099	28825	炙
02394	A02394	U+70AB	28843	炫
02395	A02395	U+70BA	28858	為
02396	A02396	U+70B3	28851	炳
02397	A02397	U+70AC	28844	炬
02398	A02398	U+70AF	28847	炯
02399	A02399	U+70AD	28845	炭
02400	A02400	U+70B8	28856	炸
02401	A02401	U+70AE	28846	炮
02402	A02402	U+70CA	28874	烊
02403	A02403	U+70D8	28888	烘
02404	A02404	U+70E4	28900	烤
02405	A02405	U+70D9	28889	烙
02406	A02406	U+70C8	28872	烈
02407	A02407	U+70CF	28879	烏
02408	A02408	U+70F9	28921	烹
02409	A02409	U+7109	28937	焉
02410	A02410	U+710A	28938	焊
02411	A02411	U+70FD	28925	烽
02412	A02412	U+7119	28953	焙
02413	A02413	U+711A	28954	焚
02414	A02414	U+7126	28966	焦
02415	A02415	U+7130	28976	焰
02416	A02416	U+7121	28961	無
02417	A02417	U+7136	28982	然
02418	A02418	U+716E	29038	煮
02419	A02419	U+714E	29006	煎
02420	A02420	U+7159	29017	煙
02421	A02421	U+7169	29033	煩
02422	A02422	U+7164	29028	煤
02423	A02423	U+7149	29001	煉
02424	A02424	U+7167	29031	照
02425	A02425	U+715C	29020	煜
02426	A02426	U+716C	29036	煬
02427	A02427	U+7166	29030	煦
02428	A02428	U+714C	29004	煌
02429	A02429	U+7165	29029	煥
02430	A02430	U+715E	29022	煞
02431	A02431	U+7194	29076	熔
02432	A02432	U+7199	29081	熙
02433	A02433	U+717D	29053	煽
02434	A02434	U+718A	29066	熊
02435	A02435	U+7184	29060	熄
02436	A02436	U+719F	29087	熟
02437	A02437	U+71AC	29100	熬
02438	A02438	U+71B1	29105	熱
02439	A02439	U+71A8	29096	熨
02440	A02440	U+71BE	29118	熾
02441	A02441	U+71C9	29129	燉
02442	A02442	U+71D0	29136	燐
02443	A02443	U+71D2	29138	燒
02444	A02444	U+71C8	29128	燈
02445	A02445	U+71D5	29141	燕
02446	A02446	U+71B9	29113	熹
02447	A02447	U+71CE	29134	燎
02448	A02448	U+71D9	29145	燙
02449	A02449	U+71DC	29148	燜
02450	A02450	U+71C3	29123	燃
02451	A02451	U+71C4	29124	燄
02452	A02452	U+71E7	29159	燧
02453	A02453	U+71DF	29151	營
02454	A02454	U+71EE	29166	燮
02455	A02455	U+71E6	29158	燦
02456	A02456	U+71E5	29157	燥
02457	A02457	U+71ED	29165	燭
02458	A02458	U+71EC	29164	燬
02459	A02459	U+71F4	29172	燴
02460	A02460	U+71FB	29179	燻
02461	A02461	U+7206	29190	爆
02462	A02462	U+720D	29197	爍
02463	A02463	U+7210	29200	爐
02464	A02464	U+721B	29211	爛
02465	A02465	U+7228	29224	爨
02466	A02466	U+722A	29226	爪
02467	A02467	U+722C	29228	爬
02468	A02468	U+722D	29229	爭
02469	A02469	U+7230	29232	爰
02470	A02470	U+7235	29237	爵
02471	A02471	U+7236	29238	父
02472	A02472	U+7238	29240	爸
02473	A02473	U+7239	29241	爹
02474	A02474	U+723A	29242	爺
02475	A02475	U+723B	29243	爻
02476	A02476	U+723D	29245	爽
02477	A02477	U+723E	29246	爾
02478	A02478	U+7246	29254	牆
02479	A02479	U+7247	29255	片
02480	A02480	U+7248	29256	版
02481	A02481	U+724C	29260	牌
02482	A02482	U+7252	29266	牒
02483	A02483	U+7256	29270	牖
02484	A02484	U+7258	29272	牘
02485	A02485	U+7259	29273	牙
02486	A02486	U+725B	29275	牛
02487	A02487	U+725F	29279	牟
02488	A02488	U+725D	29277	牝
02489	A02489	U+7262	29282	牢
02490	A02490	U+7261	29281	牡
02491	A02491	U+7260	29280	牠
02492	A02492	U+7267	29287	牧
02493	A02493	U+7269	29289	物
02494	A02494	U+7272	29298	牲
02495	A02495	U+726F	29295	牯
02496	A02496	U+7274	29300	牴
02497	A02497	U+7279	29305	特
02498	A02498	U+727D	29309	牽
02499	A02499	U+7281	29313	犁
02500	A02500	U+7284	29316	犄
02501	A02501	U+7280	29312	犀
02502	A02502	U+7292	29330	犒
02503	A02503	U+7296	29334	犖
02504	A02504	U+729B	29339	犛
02505	A02505	U+72A2	29346	犢
02506	A02506	U+72A7	29351	犧
02507	A02507	U+72AC	29356	犬
02508	A02508	U+72AF	29359	犯
02509	A02509	U+72C4	29380	狄
02510	A02510	U+72C2	29378	狂
02511	A02511	U+72C0	29376	狀
02512	A02512	U+72CE	29390	狎
02513	A02513	U+72D9	29401	狙
02514	A02514	U+72D7	29399	狗
02515	A02515	U+72D0	29392	狐
02516	A02516	U+72E9	29417	狩
02517	A02517	U+72E0	29408	狠
02518	A02518	U+72E1	29409	狡
02519	A02519	U+72FC	29436	狼
02520	A02520	U+72F9	29433	狹
02521	A02521	U+72FD	29437	狽
02522	A02522	U+72F8	29432	狸
02523	A02523	U+72F7	29431	狷
02524	A02524	U+731C	29468	猜
02525	A02525	U+731B	29467	猛
02526	A02526	U+7316	29462	猖
02527	A02527	U+7313	29459	猓
02528	A02528	U+7319	29465	猙
02529	A02529	U+7336	29494	猶
02530	A02530	U+7325	29477	猥
02531	A02531	U+7334	29492	猴
02532	A02532	U+7329	29481	猩
02533	A02533	U+7337	29495	猷
02534	A02534	U+7345	29509	獅
02535	A02535	U+733F	29503	猿
02536	A02536	U+733E	29502	猾
02537	A02537	U+7344	29508	獄
02538	A02538	U+7350	29520	獐
02539	A02539	U+734E	29518	獎
02540	A02540	U+7357	29527	獗
02541	A02541	U+7368	29544	獨
02542	A02542	U+7370	29552	獰
02543	A02543	U+7372	29554	獲
02544	A02544	U+7377	29559	獷
02545	A02545	U+7375	29557	獵
02546	A02546	U+7378	29560	獸
02547	A02547	U+737A	29562	獺
02548	A02548	U+737B	29563	獻
02549	A02549	U+7380	29568	玀
02550	A02550	U+7384	29572	玄
02551	A02551	U+7387	29575	率
02552	A02552	U+738B	29579	王
02553	A02553	U+7389	29577	玉
02554	A02554	U+7396	29590	玖
02555	A02555	U+73A9	29609	玩
02556	A02556	U+73A8	29608	玨
02557	A02557	U+739F	29599	玟
02558	A02558	U+73AB	29611	玫
02559	A02559	U+73B7	29623	玷
02560	A02560	U+73CA	29642	珊
02561	A02561	U+73BB	29627	玻
02562	A02562	U+73B2	29618	玲
02563	A02563	U+73CD	29645	珍
02564	A02564	U+73C0	29632	珀
02565	A02565	U+73B3	29619	玳
02566	A02566	U+73ED	29677	班
02567	A02567	U+7409	29705	琉
02568	A02568	U+73EE	29678	珮
02569	A02569	U+73E0	29664	珠
02570	A02570	U+7405	29701	琅
02571	A02571	U+740A	29706	琊
02572	A02572	U+7403	29699	球
02573	A02573	U+7406	29702	理
02574	A02574	U+73FE	29694	現
02575	A02575	U+740D	29709	琍
02576	A02576	U+743A	29754	琺
02577	A02577	U+742A	29738	琪
02578	A02578	U+7433	29747	琳
02579	A02579	U+7422	29730	琢
02580	A02580	U+7425	29733	琥
02581	A02581	U+7435	29749	琵
02582	A02582	U+7436	29750	琶
02583	A02583	U+7434	29748	琴
02584	A02584	U+746F	29807	瑯
02585	A02585	U+745A	29786	瑚
02586	A02586	U+7455	29781	瑕
02587	A02587	U+745F	29791	瑟
02588	A02588	U+745E	29790	瑞
02589	A02589	U+7441	29761	瑁
02590	A02590	U+743F	29759	琿
02591	A02591	U+7459	29785	瑙
02592	A02592	U+745B	29787	瑛
02593	A02593	U+745C	29788	瑜
02594	A02594	U+7464	29796	瑤
02595	A02595	U+7463	29795	瑣
02596	A02596	U+746A	29802	瑪
02597	A02597	U+7470	29808	瑰
02598	A02598	U+7469	29801	瑩
02599	A02599	U+748B	29835	璋
02600	A02600	U+7483	29827	璃
02601	A02601	U+749C	29852	璜
02602	A02602	U+74A3	29859	璣
02603	A02603	U+74A9	29865	璩
02604	A02604	U+74B0	29872	環
02605	A02605	U+74A6	29862	璦
02606	A02606	U+74A7	29863	璧
02607	A02607	U+74BD	29885	璽
02608	A02608	U+74CA	29898	瓊
02609	A02609	U+74CF	29903	瓏
02610	A02610	U+74DC	29916	瓜
02611	A02611	U+74E0	29920	瓠
02612	A02612	U+74E2	29922	瓢
02613	A02613	U+74E3	29923	瓣
02614	A02614	U+74E6	29926	瓦
02615	A02615	U+74F6	29942	瓶
02616	A02616	U+74F7	29943	瓷
02617	A02617	U+7504	29956	甄
02618	A02618	U+750C	29964	甌
02619	A02619	U+7515	29973	甕
02620	A02620	U+7518	29976	甘
02621	A02621	U+751A	29978	甚
02622	A02622	U+751C	29980	甜
02623	A02623	U+751F	29983	生
02624	A02624	U+7522	29986	產
02625	A02625	U+7525	29989	甥
02626	A02626	U+7526	29990	甦
02627	A02627	U+7528	29992	用
02628	A02628	U+7529	29993	甩
02629	A02629	U+752C	29996	甬
02630	A02630	U+752B	29995	甫
02631	A02631	U+752D	29997	甭
02632	A02632	U+7530	30000	田
02633	A02633	U+7531	30001	由
02634	A02634	U+7532	30002	甲
02635	A02635	U+7533	30003	申
02636	A02636	U+7537	30007	男
02637	A02637	U+7538	30008	甸
02638	A02638	U+753D	30013	甽
02639	A02639	U+754F	30031	畏
02640	A02640	U+754C	30028	界
02641	A02641	U+7554	30036	畔
02642	A02642	U+755D	30045	畝
02643	A02643	U+755C	30044	畜
02644	A02644	U+755A	30042	畚
02645	A02645	U+7559	30041	留
02646	A02646	U+7565	30053	略
02647	A02647	U+7566	30054	畦
02648	A02648	U+7562	30050	畢
02649	A02649	U+7570	30064	異
02650	A02650	U+756B	30059	畫
02651	A02651	U+756A	30058	番
02652	A02652	U+7576	30070	當
02653	A02653	U+7578	30072	畸
02654	A02654	U+7587	30087	疇
02655	A02655	U+7586	30086	疆
02656	A02656	U+758A	30090	疊
02657	A02657	U+758B	30091	疋
02658	A02658	U+758F	30095	疏
02659	A02659	U+7591	30097	疑
02660	A02660	U+759D	30109	疝
02661	A02661	U+7599	30105	疙
02662	A02662	U+759A	30106	疚
02663	A02663	U+75AB	30123	疫
02664	A02664	U+75A4	30116	疤
02665	A02665	U+75A5	30117	疥
02666	A02666	U+75BE	30142	疾
02667	A02667	U+75C5	30149	病
02668	A02668	U+75C7	30151	症
02669	A02669	U+75B2	30130	疲
02670	A02670	U+75B3	30131	疳
02671	A02671	U+75BD	30141	疽
02672	A02672	U+75BC	30140	疼
02673	A02673	U+75B9	30137	疹
02674	A02674	U+75CA	30154	痊
02675	A02675	U+75D4	30164	痔
02676	A02676	U+75D5	30165	痕
02677	A02677	U+75B5	30133	疵
02678	A02678	U+75E2	30178	痢
02679	A02679	U+75DB	30171	痛
02680	A02680	U+75E3	30179	痣
02681	A02681	U+75D9	30169	痙
02682	A02682	U+75D8	30168	痘
02683	A02683	U+75DE	30174	痞
02684	A02684	U+7600	30208	瘀
02685	A02685	U+75F0	30192	痰
02686	A02686	U+7601	30209	瘁
02687	A02687	U+75F2	30194	痲
02688	A02688	U+75F1	30193	痱
02689	A02689	U+75FA	30202	痺
02690	A02690	U+75FF	30207	痿
02691	A02691	U+75F4	30196	痴
02692	A02692	U+7627	30247	瘧
02693	A02693	U+760D	30221	瘍
02694	A02694	U+760B	30219	瘋
02695	A02695	U+7609	30217	瘉
02696	A02696	U+7613	30227	瘓
02697	A02697	U+7620	30240	瘠
02698	A02698	U+7629	30249	瘩
02699	A02699	U+761F	30239	瘟
02700	A02700	U+7624	30244	瘤
02701	A02701	U+7626	30246	瘦
02702	A02702	U+7621	30241	瘡
02703	A02703	U+7634	30260	瘴
02704	A02704	U+7638	30264	瘸
02705	A02705	U+7646	30278	癆
02706	A02706	U+7642	30274	療
02707	A02707	U+764C	30284	癌
02708	A02708	U+7656	30294	癖
02709	A02709	U+7658	30296	癘
02710	A02710	U+7652	30290	癒
02711	A02711	U+7662	30306	癢
02712	A02712	U+7665	30309	癥
02713	A02713	U+7669	30313	癩
02714	A02714	U+766E	30318	癮
02715	A02715	U+766C	30316	癬
02716	A02716	U+7671	30321	癱
02717	A02717	U+7672	30322	癲
02718	A02718	U+7678	30328	癸
02719	A02719	U+767B	30331	登
02720	A02720	U+767C	30332	發
02721	A02721	U+767D	30333	白
02722	A02722	U+767E	30334	百
02723	A02723	U+7682	30338	皂
02724	A02724	U+7684	30340	的
02725	A02725	U+7686	30342	皆
02726	A02726	U+7687	30343	皇
02727	A02727	U+7688	30344	皈
02728	A02728	U+768E	30350	皎
02729	A02729	U+7696	30358	皖
02730	A02730	U+7693	30355	皓
02731	A02731	U+769A	30362	皚
02732	A02732	U+76AE	30382	皮
02733	A02733	U+76B0	30384	皰
02734	A02734	U+76B4	30388	皴
02735	A02735	U+76BA	30394	皺
02736	A02736	U+76BF	30399	皿
02737	A02737	U+76C2	30402	盂
02738	A02738	U+76C8	30408	盈
02739	A02739	U+76C6	30406	盆
02740	A02740	U+76C3	30403	盃
02741	A02741	U+76CA	30410	益
02742	A02742	U+76CD	30413	盍
02743	A02743	U+76CE	30414	盎
02744	A02744	U+76D4	30420	盔
02745	A02745	U+76D2	30418	盒
02746	A02746	U+76DB	30427	盛
02747	A02747	U+76DC	30428	盜
02748	A02748	U+76DE	30430	盞
02749	A02749	U+76DF	30431	盟
02750	A02750	U+76E1	30433	盡
02751	A02751	U+76E3	30435	監
02752	A02752	U+76E4	30436	盤
02753	A02753	U+76E7	30439	盧
02754	A02754	U+76E5	30437	盥
02755	A02755	U+76EA	30442	盪
02756	A02756	U+76EE	30446	目
02757	A02757	U+76EF	30447	盯
02758	A02758	U+76F2	30450	盲
02759	A02759	U+76F4	30452	直
02760	A02760	U+7701	30465	省
02761	A02761	U+76F9	30457	盹
02762	A02762	U+76F8	30456	相
02763	A02763	U+7709	30473	眉
02764	A02764	U+770B	30475	看
02765	A02765	U+76FE	30462	盾
02766	A02766	U+76FC	30460	盼
02767	A02767	U+7729	30505	眩
02768	A02768	U+771F	30495	真
02769	A02769	U+7720	30496	眠
02770	A02770	U+7728	30504	眨
02771	A02771	U+7737	30519	眷
02772	A02772	U+773E	30526	眾
02773	A02773	U+773C	30524	眼
02774	A02774	U+7736	30518	眶
02775	A02775	U+7738	30520	眸
02776	A02776	U+773A	30522	眺
02777	A02777	U+774F	30543	睏
02778	A02778	U+775B	30555	睛
02779	A02779	U+776B	30571	睫
02780	A02780	U+7766	30566	睦
02781	A02781	U+775E	30558	睞
02782	A02782	U+7763	30563	督
02783	A02783	U+7779	30585	睹
02784	A02784	U+776A	30570	睪
02785	A02785	U+776C	30572	睬
02786	A02786	U+775C	30556	睜
02787	A02787	U+7765	30565	睥
02788	A02788	U+7768	30568	睨
02789	A02789	U+7784	30596	瞄
02790	A02790	U+777D	30589	睽
02791	A02791	U+777F	30591	睿
02792	A02792	U+7761	30561	睡
02793	A02793	U+778E	30606	瞎
02794	A02794	U+7787	30599	瞇
02795	A02795	U+778C	30604	瞌
02796	A02796	U+7791	30609	瞑
02797	A02797	U+77A0	30624	瞠
02798	A02798	U+779E	30622	瞞
02799	A02799	U+779F	30623	瞟
02800	A02800	U+77A5	30629	瞥
02801	A02801	U+77B3	30643	瞳
02802	A02802	U+77AA	30634	瞪
02803	A02803	U+77B0	30640	瞰
02804	A02804	U+77AC	30636	瞬
02805	A02805	U+77A7	30631	瞧
02806	A02806	U+77AD	30637	瞭
02807	A02807	U+77BD	30653	瞽
02808	A02808	U+77BF	30655	瞿
02809	A02809	U+77BB	30651	瞻
02810	A02810	U+77C7	30663	矇
02811	A02811	U+77D3	30675	矓
02812	A02812	U+77D7	30679	矗
02813	A02813	U+77DA	30682	矚
02814	A02814	U+77DB	30683	矛
02815	A02815	U+77DC	30684	矜
02816	A02816	U+77E2	30690	矢
02817	A02817	U+77E3	30691	矣
02818	A02818	U+77E5	30693	知
02819	A02819	U+77E9	30697	矩
02820	A02820	U+77ED	30701	短
02821	A02821	U+77EE	30702	矮
02822	A02822	U+77EF	30703	矯
02823	A02823	U+77F3	30707	石
02824	A02824	U+77FD	30717	矽
02825	A02825	U+7802	30722	砂
02826	A02826	U+7814	30740	研
02827	A02827	U+780C	30732	砌
02828	A02828	U+780D	30733	砍
02829	A02829	U+7830	30768	砰
02830	A02830	U+7827	30759	砧
02831	A02831	U+7838	30776	砸
02832	A02832	U+781D	30749	砝
02833	A02833	U+7834	30772	破
02834	A02834	U+7837	30775	砷
02835	A02835	U+7825	30757	砥
02836	A02836	U+782D	30765	砭
02837	A02837	U+786B	30827	硫
02838	A02838	U+7843	30787	硃
02839	A02839	U+785D	30813	硝
02840	A02840	U+786C	30828	硬
02841	A02841	U+786F	30831	硯
02842	A02842	U+788E	30862	碎
02843	A02843	U+78B0	30896	碰
02844	A02844	U+7897	30871	碗
02845	A02845	U+7898	30872	碘
02846	A02846	U+788C	30860	碌
02847	A02847	U+7889	30857	碉
02848	A02848	U+787C	30844	硼
02849	A02849	U+7891	30865	碑
02850	A02850	U+78C1	30913	磁
02851	A02851	U+789F	30879	碟
02852	A02852	U+78A7	30887	碧
02853	A02853	U+78B3	30899	碳
02854	A02854	U+78A9	30889	碩
02855	A02855	U+78CB	30923	磋
02856	A02856	U+78C5	30917	磅
02857	A02857	U+78BA	30906	確
02858	A02858	U+78CA	30922	磊
02859	A02859	U+78BE	30910	碾
02860	A02860	U+78D5	30933	磕
02861	A02861	U+78BC	30908	碼
02862	A02862	U+78D0	30928	磐
02863	A02863	U+78E8	30952	磨
02864	A02864	U+78DA	30938	磚
02865	A02865	U+78EC	30956	磬
02866	A02866	U+78F7	30967	磷
02867	A02867	U+78FA	30970	磺
02868	A02868	U+78F4	30964	磴
02869	A02869	U+78EF	30959	磯
02870	A02870	U+7901	30977	礁
02871	A02871	U+790E	30990	礎
02872	A02872	U+7919	31001	礙
02873	A02873	U+7926	31014	礦
02874	A02874	U+792A	31018	礪
02875	A02875	U+792C	31020	礬
02876	A02876	U+792B	31019	礫
02877	A02877	U+793A	31034	示
02878	A02878	U+793E	31038	社
02879	A02879	U+7940	31040	祀
02880	A02880	U+7941	31041	祁
02881	A02881	U+7946	31046	祆
02882	A02882	U+7949	31049	祉
02883	A02883	U+7948	31048	祈
02884	A02884	U+7947	31047	祇
02885	A02885	U+7955	31061	祕
02886	A02886	U+7950	31056	祐
02887	A02887	U+7960	31072	祠
02888	A02888	U+795F	31071	祟
02889	A02889	U+7956	31062	祖
02890	A02890	U+795E	31070	神
02891	A02891	U+795D	31069	祝
02892	A02892	U+7957	31063	祗
02893	A02893	U+795A	31066	祚
02894	A02894	U+7965	31077	祥
02895	A02895	U+7968	31080	票
02896	A02896	U+796D	31085	祭
02897	A02897	U+797A	31098	祺
02898	A02898	U+797F	31103	祿
02899	A02899	U+7981	31105	禁
02900	A02900	U+798E	31118	禎
02901	A02901	U+798F	31119	福
02902	A02902	U+798D	31117	禍
02903	A02903	U+79A6	31142	禦
02904	A02904	U+79A7	31143	禧
02905	A02905	U+79AA	31146	禪
02906	A02906	U+79AE	31150	禮
02907	A02907	U+79B1	31153	禱
02908	A02908	U+79B9	31161	禹
02909	A02909	U+842C	33836	萬
02910	A02910	U+79BD	31165	禽
02911	A02911	U+79BE	31166	禾
02912	A02912	U+79C1	31169	私
02913	A02913	U+79C0	31168	秀
02914	A02914	U+79BF	31167	禿
02915	A02915	U+79C9	31177	秉
02916	A02916	U+79D1	31185	科
02917	A02917	U+79D2	31186	秒
02918	A02918	U+79CB	31179	秋
02919	A02919	U+79E4	31204	秤
02920	A02920	U+79E3	31203	秣
02921	A02921	U+79E7	31207	秧
02922	A02922	U+79DF	31199	租
02923	A02923	U+79E6	31206	秦
02924	A02924	U+79E9	31209	秩
02925	A02925	U+79FB	31227	移
02926	A02926	U+7A0D	31245	稍
02927	A02927	U+7A08	31240	稈
02928	A02928	U+7A0B	31243	程
02929	A02929	U+7A05	31237	稅
02930	A02930	U+7A00	31232	稀
02931	A02931	U+7A1C	31260	稜
02932	A02932	U+7A1A	31258	稚
02933	A02933	U+7A20	31264	稠
02934	A02934	U+7A14	31252	稔
02935	A02935	U+7A1F	31263	稟
02936	A02936	U+7A2E	31278	種
02937	A02937	U+7A31	31281	稱
02938	A02938	U+7A3F	31295	稿
02939	A02939	U+7A3C	31292	稼
02940	A02940	U+7A40	31296	穀
02941	A02941	U+7A3D	31293	稽
02942	A02942	U+7A37	31287	稷
02943	A02943	U+7A3B	31291	稻
02944	A02944	U+7A4D	31309	積
02945	A02945	U+7A4E	31310	穎
02946	A02946	U+7A46	31302	穆
02947	A02947	U+7A4C	31308	穌
02948	A02948	U+7A57	31319	穗
02949	A02949	U+7A61	31329	穡
02950	A02950	U+7A62	31330	穢
02951	A02951	U+7A6B	31339	穫
02952	A02952	U+7A69	31337	穩
02953	A02953	U+7A74	31348	穴
02954	A02954	U+7A76	31350	究
02955	A02955	U+7A7A	31354	空
02956	A02956	U+7A79	31353	穹
02957	A02957	U+7A7F	31359	穿
02958	A02958	U+7A81	31361	突
02959	A02959	U+7A84	31364	窄
02960	A02960	U+7A88	31368	窈
02961	A02961	U+7A92	31378	窒
02962	A02962	U+7A95	31381	窕
02963	A02963	U+7A98	31384	窘
02964	A02964	U+7A97	31383	窗
02965	A02965	U+7A96	31382	窖
02966	A02966	U+7A9F	31391	窟
02967	A02967	U+7AA0	31392	窠
02968	A02968	U+7AAA	31402	窪
02969	A02969	U+7AA9	31401	窩
02970	A02970	U+7AAF	31407	窯
02971	A02971	U+7AAE	31406	窮
02972	A02972	U+7ABA	31418	窺
02973	A02973	U+7AC4	31428	竄
02974	A02974	U+7AC5	31429	竅
02975	A02975	U+7AC7	31431	竇
02976	A02976	U+7ACA	31434	竊
02977	A02977	U+7ACB	31435	立
02978	A02978	U+7AD9	31449	站
02979	A02979	U+7AE5	31461	童
02980	A02980	U+7AE3	31459	竣
02981	A02981	U+7AED	31469	竭
02982	A02982	U+7AEF	31471	端
02983	A02983	U+7AF6	31478	競
02984	A02984	U+7AF9	31481	竹
02985	A02985	U+7AFA	31482	竺
02986	A02986	U+7AFF	31487	竿
02987	A02987	U+7AFD	31485	竽
02988	A02988	U+7B06	31494	笆
02989	A02989	U+7B11	31505	笑
02990	A02990	U+7B20	31520	笠
02991	A02991	U+7B28	31528	笨
02992	A02992	U+7B1B	31515	笛
02993	A02993	U+7B2C	31532	第
02994	A02994	U+7B26	31526	符
02995	A02995	U+7B19	31513	笙
02996	A02996	U+7B1E	31518	笞
02997	A02997	U+7B49	31561	等
02998	A02998	U+7B56	31574	策
02999	A02999	U+7B46	31558	筆
03000	A03000	U+7B50	31568	筐
03001	A03001	U+7B52	31570	筒
03002	A03002	U+7B54	31572	答
03003	A03003	U+7B4D	31565	筍
03004	A03004	U+7B4B	31563	筋
03005	A03005	U+7B4F	31567	筏
03006	A03006	U+7B77	31607	筷
03007	A03007	U+7BC0	31680	節
03008	A03008	U+7B60	31584	筠
03009	A03009	U+7BA1	31649	管
03010	A03010	U+7B95	31637	箕
03011	A03011	U+7B8B	31627	箋
03012	A03012	U+7B75	31605	筵
03013	A03013	U+7B97	31639	算
03014	A03014	U+7B9D	31645	箝
03015	A03015	U+7B94	31636	箔
03016	A03016	U+7B8F	31631	箏
03017	A03017	U+7BAD	31661	箭
03018	A03018	U+7BB1	31665	箱
03019	A03019	U+7BC4	31684	範
03020	A03020	U+7BB4	31668	箴
03021	A03021	U+7BC6	31686	篆
03022	A03022	U+7BC7	31687	篇
03023	A03023	U+7BC1	31681	篁
03024	A03024	U+7BD9	31705	篙
03025	A03025	U+7C11	31761	簑
03026	A03026	U+7BC9	31689	築
03027	A03027	U+7BE4	31716	篤
03028	A03028	U+7BDB	31707	篛
03029	A03029	U+7BE1	31713	篡
03030	A03030	U+7BE9	31721	篩
03031	A03031	U+7C07	31751	簇
03032	A03032	U+7C0D	31757	簍
03033	A03033	U+7BFE	31742	篾
03034	A03034	U+7BF7	31735	篷
03035	A03035	U+7C2B	31787	簫
03036	A03036	U+7C27	31783	簧
03037	A03037	U+7C2A	31786	簪
03038	A03038	U+7C1E	31774	簞
03039	A03039	U+7C23	31779	簣
03040	A03040	U+7C21	31777	簡
03041	A03041	U+7C3E	31806	簾
03042	A03042	U+7C3F	31807	簿
03043	A03043	U+7C38	31800	簸
03044	A03044	U+7C3D	31805	簽
03045	A03045	U+7C37	31799	簷
03046	A03046	U+7C4C	31820	籌
03047	A03047	U+7C43	31811	籃
03048	A03048	U+7C4D	31821	籍
03049	A03049	U+7C50	31824	籐
03050	A03050	U+7C60	31840	籠
03051	A03051	U+7C5F	31839	籟
03052	A03052	U+7C64	31844	籤
03053	A03053	U+7C6C	31852	籬
03054	A03054	U+7C6E	31854	籮
03055	A03055	U+7C72	31858	籲
03056	A03056	U+7C73	31859	米
03057	A03057	U+7C89	31881	粉
03058	A03058	U+7C92	31890	粒
03059	A03059	U+7C97	31895	粗
03060	A03060	U+7C9F	31903	粟
03061	A03061	U+7CA5	31909	粥
03062	A03062	U+7CB1	31921	粱
03063	A03063	U+7CB3	31923	粳
03064	A03064	U+7CB5	31925	粵
03065	A03065	U+7CB9	31929	粹
03066	A03066	U+7CBD	31933	粽
03067	A03067	U+7CBE	31934	精
03068	A03068	U+7CCA	31946	糊
03069	A03069	U+7CD5	31957	糕
03070	A03070	U+7CD6	31958	糖
03071	A03071	U+7CE0	31968	糠
03072	A03072	U+7CDC	31964	糜
03073	A03073	U+7CDE	31966	糞
03074	A03074	U+7CE2	31970	糢
03075	A03075	U+7CDF	31967	糟
03076	A03076	U+7CD9	31961	糙
03077	A03077	U+7CE7	31975	糧
03078	A03078	U+7CEF	31983	糯
03079	A03079	U+7CF8	31992	糸
03080	A03080	U+7CFB	31995	系
03081	A03081	U+7CFE	31998	糾
03082	A03082	U+7D02	32002	紂
03083	A03083	U+7D05	32005	紅
03084	A03084	U+7D00	32000	紀
03085	A03085	U+7D09	32009	紉
03086	A03086	U+7D07	32007	紇
03087	A03087	U+7D04	32004	約
03088	A03088	U+7D21	32033	紡
03089	A03089	U+7D17	32023	紗
03090	A03090	U+7D0B	32011	紋
03091	A03091	U+7D0A	32010	紊
03092	A03092	U+7D20	32032	素
03093	A03093	U+7D22	32034	索
03094	A03094	U+7D14	32020	純
03095	A03095	U+7D10	32016	紐
03096	A03096	U+7D15	32021	紕
03097	A03097	U+7D1A	32026	級
03098	A03098	U+7D1C	32028	紜
03099	A03099	U+7D0D	32013	納
03100	A03100	U+7D19	32025	紙
03101	A03101	U+7D1B	32027	紛
03102	A03102	U+7D46	32070	絆
03103	A03103	U+7D43	32067	絃
03104	A03104	U+7D71	32113	統
03105	A03105	U+7D2E	32046	紮
03106	A03106	U+7D39	32057	紹
03107	A03107	U+7D3C	32060	紼
03108	A03108	U+7D40	32064	絀
03109	A03109	U+7D30	32048	細
03110	A03110	U+7D33	32051	紳
03111	A03111	U+7D44	32068	組
03112	A03112	U+7D2F	32047	累
03113	A03113	U+7D42	32066	終
03114	A03114	U+7D5E	32094	絞
03115	A03115	U+7D50	32080	結
03116	A03116	U+7D68	32104	絨
03117	A03117	U+7D55	32085	絕
03118	A03118	U+7D2B	32043	紫
03119	A03119	U+7D6E	32110	絮
03120	A03120	U+7D72	32114	絲
03121	A03121	U+7D61	32097	絡
03122	A03122	U+7D66	32102	給
03123	A03123	U+7D62	32098	絢
03124	A03124	U+7D93	32147	經
03125	A03125	U+7D79	32121	絹
03126	A03126	U+7D91	32145	綑
03127	A03127	U+7D81	32129	綁
03128	A03128	U+7D8F	32143	綏
03129	A03129	U+7DBB	32187	綻
03130	A03130	U+7DB0	32176	綰
03131	A03131	U+7D9C	32156	綜
03132	A03132	U+7DBD	32189	綽
03133	A03133	U+7DBE	32190	綾
03134	A03134	U+7DA0	32160	綠
03135	A03135	U+7DCA	32202	緊
03136	A03136	U+7DB4	32180	綴
03137	A03137	U+7DB2	32178	網
03138	A03138	U+7DB1	32177	綱
03139	A03139	U+7DBA	32186	綺
03140	A03140	U+7DA2	32162	綢
03141	A03141	U+7DBF	32191	綿
03142	A03142	U+7DB5	32181	綵
03143	A03143	U+7DB8	32184	綸
03144	A03144	U+7DAD	32173	維
03145	A03145	U+7DD2	32210	緒
03146	A03146	U+7DC7	32199	緇
03147	A03147	U+7DE0	32224	締
03148	A03148	U+7DF4	32244	練
03149	A03149	U+7DEF	32239	緯
03150	A03150	U+7DFB	32251	緻
03151	A03151	U+7DD8	32216	緘
03152	A03152	U+7DEC	32236	緬
03153	A03153	U+7DDD	32221	緝
03154	A03154	U+7DE8	32232	編
03155	A03155	U+7DE3	32227	緣
03156	A03156	U+7DDA	32218	線
03157	A03157	U+7DDE	32222	緞
03158	A03158	U+7DE9	32233	緩
03159	A03159	U+7D9E	32158	綞
03160	A03160	U+7E0A	32266	縊
03161	A03161	U+7E11	32273	縑
03162	A03162	U+7E08	32264	縈
03163	A03163	U+7E1B	32283	縛
03164	A03164	U+7E23	32291	縣
03165	A03165	U+7E2E	32302	縮
03166	A03166	U+7E3E	32318	績
03167	A03167	U+7E46	32326	繆
03168	A03168	U+7E37	32311	縷
03169	A03169	U+7E32	32306	縲
03170	A03170	U+7E43	32323	繃
03171	A03171	U+7E2B	32299	縫
03172	A03172	U+7E3D	32317	總
03173	A03173	U+7E31	32305	縱
03174	A03174	U+7E45	32325	繅
03175	A03175	U+7E41	32321	繁
03176	A03176	U+7E54	32340	織
03177	A03177	U+7E55	32341	繕
03178	A03178	U+7E5E	32350	繞
03179	A03179	U+7E5A	32346	繚
03180	A03180	U+7E61	32353	繡
03181	A03181	U+7E6B	32363	繫
03182	A03182	U+7E6D	32365	繭
03183	A03183	U+7E79	32377	繹
03184	A03184	U+7E69	32361	繩
03185	A03185	U+7E6A	32362	繪
03186	A03186	U+8FAE	36782	辮
03187	A03187	U+7E7D	32381	繽
03188	A03188	U+7E7C	32380	繼
03189	A03189	U+7E82	32386	纂
03190	A03190	U+7E8F	32399	纏
03191	A03191	U+7E8C	32396	續
03192	A03192	U+7E93	32403	纓
03193	A03193	U+7E96	32406	纖
03194	A03194	U+7E9C	32412	纜
03195	A03195	U+7F36	32566	缶
03196	A03196	U+7F38	32568	缸
03197	A03197	U+7F3A	32570	缺
03198	A03198	U+7F3D	32573	缽
03199	A03199	U+7F44	32580	罄
03200	A03200	U+7F48	32584	罈
03201	A03201	U+7F50	32592	罐
03202	A03202	U+7F55	32597	罕
03203	A03203	U+7F54	32596	罔
03204	A03204	U+7F5F	32607	罟
03205	A03205	U+7F6E	32622	置
03206	A03206	U+7F69	32617	罩
03207	A03207	U+7F6A	32618	罪
03208	A03208	U+7F72	32626	署
03209	A03209	U+7F70	32624	罰
03210	A03210	U+7F75	32629	罵
03211	A03211	U+7F77	32631	罷
03212	A03212	U+7F79	32633	罹
03213	A03213	U+7F85	32645	羅
03214	A03214	U+7F88	32648	羈
03215	A03215	U+7F8A	32650	羊
03216	A03216	U+7F8C	32652	羌
03217	A03217	U+7F8B	32651	羋
03218	A03218	U+7F8E	32654	美
03219	A03219	U+7F94	32660	羔
03220	A03220	U+7F9E	32670	羞
03221	A03221	U+7F9A	32666	羚
03222	A03222	U+5584	21892	善
03223	A03223	U+7FA9	32681	義
03224	A03224	U+7FA8	32680	羨
03225	A03225	U+7FA4	32676	群
03226	A03226	U+7FAF	32687	羯
03227	A03227	U+7FB2	32690	羲
03228	A03228	U+7FB6	32694	羶
03229	A03229	U+7FB9	32697	羹
03230	A03230	U+7FB8	32696	羸
03231	A03231	U+7FBD	32701	羽
03232	A03232	U+7FBF	32703	羿
03233	A03233	U+7FC5	32709	翅
03234	A03234	U+7FC1	32705	翁
03235	A03235	U+7FCC	32716	翌
03236	A03236	U+7FCE	32718	翎
03237	A03237	U+7FD2	32722	習
03238	A03238	U+7FD4	32724	翔
03239	A03239	U+7FD5	32725	翕
03240	A03240	U+7FE0	32736	翠
03241	A03241	U+7FE1	32737	翡
03242	A03242	U+7FDF	32735	翟
03243	A03243	U+7FE9	32745	翩
03244	A03244	U+7FF0	32752	翰
03245	A03245	U+7FF1	32753	翱
03246	A03246	U+7FF3	32755	翳
03247	A03247	U+7FFC	32764	翼
03248	A03248	U+7FF9	32761	翹
03249	A03249	U+7FFB	32763	翻
03250	A03250	U+8000	32768	耀
03251	A03251	U+8001	32769	老
03252	A03252	U+8003	32771	考
03253	A03253	U+8005	32773	者
03254	A03254	U+8006	32774	耆
03255	A03255	U+800C	32780	而
03256	A03256	U+8010	32784	耐
03257	A03257	U+800D	32781	耍
03258	A03258	U+8012	32786	耒
03259	A03259	U+8018	32792	耘
03260	A03260	U+8015	32789	耕
03261	A03261	U+8019	32793	耙
03262	A03262	U+8017	32791	耗
03263	A03263	U+801C	32796	耜
03264	A03264	U+8033	32819	耳
03265	A03265	U+8036	32822	耶
03266	A03266	U+803D	32829	耽
03267	A03267	U+803F	32831	耿
03268	A03268	U+804A	32842	聊
03269	A03269	U+8046	32838	聆
03270	A03270	U+8056	32854	聖
03271	A03271	U+8058	32856	聘
03272	A03272	U+805E	32862	聞
03273	A03273	U+805A	32858	聚
03274	A03274	U+8071	32881	聱
03275	A03275	U+8072	32882	聲
03276	A03276	U+8070	32880	聰
03277	A03277	U+806F	32879	聯
03278	A03278	U+8073	32883	聳
03279	A03279	U+8077	32887	職
03280	A03280	U+8076	32886	聶
03281	A03281	U+807E	32894	聾
03282	A03282	U+807D	32893	聽
03283	A03283	U+807F	32895	聿
03284	A03284	U+8086	32902	肆
03285	A03285	U+8084	32900	肄
03286	A03286	U+8085	32901	肅
03287	A03287	U+8087	32903	肇
03288	A03288	U+8089	32905	肉
03289	A03289	U+808B	32907	肋
03290	A03290	U+808C	32908	肌
03291	A03291	U+8096	32918	肖
03292	A03292	U+8093	32915	肓
03293	A03293	U+809D	32925	肝
03294	A03294	U+8098	32920	肘
03295	A03295	U+809B	32923	肛
03296	A03296	U+809A	32922	肚
03297	A03297	U+80B2	32946	育
03298	A03298	U+80BA	32954	肺
03299	A03299	U+80A5	32933	肥
03300	A03300	U+80A2	32930	肢
03301	A03301	U+80B1	32945	肱
03302	A03302	U+80A1	32929	股
03303	A03303	U+80AB	32939	肫
03304	A03304	U+80A9	32937	肩
03305	A03305	U+80B4	32948	肴
03306	A03306	U+80AA	32938	肪
03307	A03307	U+80AF	32943	肯
03308	A03308	U+80D6	32982	胖
03309	A03309	U+80E5	32997	胥
03310	A03310	U+80DA	32986	胚
03311	A03311	U+80C3	32963	胃
03312	A03312	U+80C4	32964	胄
03313	A03313	U+80CC	32972	背
03314	A03314	U+80E1	32993	胡
03315	A03315	U+80DB	32987	胛
03316	A03316	U+80CE	32974	胎
03317	A03317	U+80DE	32990	胞
03318	A03318	U+80E4	32996	胤
03319	A03319	U+80F1	33009	胱
03320	A03320	U+8102	33026	脂
03321	A03321	U+80F0	33008	胰
03322	A03322	U+8105	33029	脅
03323	A03323	U+80ED	33005	胭
03324	A03324	U+80F4	33012	胴
03325	A03325	U+8106	33030	脆
03326	A03326	U+80F8	33016	胸
03327	A03327	U+80F3	33011	胳
03328	A03328	U+8108	33032	脈
03329	A03329	U+80FD	33021	能
03330	A03330	U+810A	33034	脊
03331	A03331	U+812F	33071	脯
03332	A03332	U+8116	33046	脖
03333	A03333	U+8123	33059	脣
03334	A03334	U+812B	33067	脫
03335	A03335	U+8129	33065	脩
03336	A03336	U+8155	33109	腕
03337	A03337	U+8154	33108	腔
03338	A03338	U+814B	33099	腋
03339	A03339	U+8151	33105	腑
03340	A03340	U+814E	33102	腎
03341	A03341	U+8139	33081	脹
03342	A03342	U+8146	33094	腆
03343	A03343	U+813E	33086	脾
03344	A03344	U+8150	33104	腐
03345	A03345	U+8171	33137	腱
03346	A03346	U+8170	33136	腰
03347	A03347	U+8178	33144	腸
03348	A03348	U+8165	33125	腥
03349	A03349	U+816E	33134	腮
03350	A03350	U+8173	33139	腳
03351	A03351	U+816B	33131	腫
03352	A03352	U+8179	33145	腹
03353	A03353	U+817A	33146	腺
03354	A03354	U+8166	33126	腦
03355	A03355	U+8180	33152	膀
03356	A03356	U+818F	33167	膏
03357	A03357	U+8188	33160	膈
03358	A03358	U+818A	33162	膊
03359	A03359	U+817F	33151	腿
03360	A03360	U+819B	33179	膛
03361	A03361	U+819C	33180	膜
03362	A03362	U+819D	33181	膝
03363	A03363	U+81A0	33184	膠
03364	A03364	U+819A	33178	膚
03365	A03365	U+81B3	33203	膳
03366	A03366	U+81A9	33193	膩
03367	A03367	U+81A8	33192	膨
03368	A03368	U+81C6	33222	臆
03369	A03369	U+81C3	33219	臃
03370	A03370	U+81BA	33210	膺
03371	A03371	U+81C2	33218	臂
03372	A03372	U+81C0	33216	臀
03373	A03373	U+81BF	33215	膿
03374	A03374	U+81BD	33213	膽
03375	A03375	U+81C9	33225	臉
03376	A03376	U+81BE	33214	膾
03377	A03377	U+81CD	33229	臍
03378	A03378	U+81CF	33231	臏
03379	A03379	U+81D8	33240	臘
03380	A03380	U+81DA	33242	臚
03381	A03381	U+81DF	33247	臟
03382	A03382	U+81E3	33251	臣
03383	A03383	U+81E5	33253	臥
03384	A03384	U+81E7	33255	臧
03385	A03385	U+81E8	33256	臨
03386	A03386	U+81EA	33258	自
03387	A03387	U+81ED	33261	臭
03388	A03388	U+81EC	33260	臬
03389	A03389	U+81F3	33267	至
03390	A03390	U+81F4	33268	致
03391	A03391	U+81FA	33274	臺
03392	A03392	U+81FB	33275	臻
03393	A03393	U+81FC	33276	臼
03394	A03394	U+81FE	33278	臾
03395	A03395	U+8200	33280	舀
03396	A03396	U+8202	33282	舂
03397	A03397	U+8205	33285	舅
03398	A03398	U+8207	33287	與
03399	A03399	U+8208	33288	興
03400	A03400	U+8209	33289	舉
03401	A03401	U+820A	33290	舊
03402	A03402	U+820C	33292	舌
03403	A03403	U+820D	33293	舍
03404	A03404	U+8210	33296	舐
03405	A03405	U+8212	33298	舒
03406	A03406	U+8214	33300	舔
03407	A03407	U+821B	33307	舛
03408	A03408	U+821C	33308	舜
03409	A03409	U+821E	33310	舞
03410	A03410	U+821F	33311	舟
03411	A03411	U+8222	33314	舢
03412	A03412	U+822A	33322	航
03413	A03413	U+822B	33323	舫
03414	A03414	U+8228	33320	舨
03415	A03415	U+822C	33324	般
03416	A03416	U+8235	33333	舵
03417	A03417	U+8237	33335	舷
03418	A03418	U+8236	33334	舶
03419	A03419	U+8239	33337	船
03420	A03420	U+8247	33351	艇
03421	A03421	U+8258	33368	艘
03422	A03422	U+8259	33369	艙
03423	A03423	U+8266	33382	艦
03424	A03424	U+826E	33390	艮
03425	A03425	U+826F	33391	良
03426	A03426	U+8271	33393	艱
03427	A03427	U+8272	33394	色
03428	A03428	U+827E	33406	艾
03429	A03429	U+8292	33426	芒
03430	A03430	U+828B	33419	芋
03431	A03431	U+828D	33421	芍
03432	A03432	U+82B3	33459	芳
03433	A03433	U+829D	33437	芝
03434	A03434	U+8299	33433	芙
03435	A03435	U+82AD	33453	芭
03436	A03436	U+82BD	33469	芽
03437	A03437	U+829F	33439	芟
03438	A03438	U+82B9	33465	芹
03439	A03439	U+82B1	33457	花
03440	A03440	U+82AC	33452	芬
03441	A03441	U+82A5	33445	芥
03442	A03442	U+82BB	33467	芻
03443	A03443	U+82E7	33511	苧
03444	A03444	U+8303	33539	范
03445	A03445	U+8305	33541	茅
03446	A03446	U+82E3	33507	苣
03447	A03447	U+82DB	33499	苛
03448	A03448	U+82E6	33510	苦
03449	A03449	U+8304	33540	茄
03450	A03450	U+82E5	33509	若
03451	A03451	U+8302	33538	茂
03452	A03452	U+8309	33545	茉
03453	A03453	U+82D2	33490	苒
03454	A03454	U+82D7	33495	苗
03455	A03455	U+82F1	33521	英
03456	A03456	U+8301	33537	茁
03457	A03457	U+82DC	33500	苜
03458	A03458	U+82D4	33492	苔
03459	A03459	U+82D1	33489	苑
03460	A03460	U+82DE	33502	苞
03461	A03461	U+82D3	33491	苓
03462	A03462	U+82DF	33503	苟
03463	A03463	U+832B	33579	茫
03464	A03464	U+8352	33618	荒
03465	A03465	U+8354	33620	荔
03466	A03466	U+834A	33610	荊
03467	A03467	U+8338	33592	茸
03468	A03468	U+8350	33616	荐
03469	A03469	U+8349	33609	草
03470	A03470	U+8335	33589	茵
03471	A03471	U+8334	33588	茴
03472	A03472	U+834F	33615	荏
03473	A03473	U+8332	33586	茲
03474	A03474	U+8339	33593	茹
03475	A03475	U+8336	33590	茶
03476	A03476	U+8317	33559	茗
03477	A03477	U+8340	33600	荀
03478	A03478	U+8331	33585	茱
03479	A03479	U+838E	33678	莎
03480	A03480	U+839E	33694	莞
03481	A03481	U+8398	33688	莘
03482	A03482	U+8378	33656	荸
03483	A03483	U+83A2	33698	莢
03484	A03484	U+8396	33686	莖
03485	A03485	U+83BD	33725	莽
03486	A03486	U+83AB	33707	莫
03487	A03487	U+8392	33682	莒
03488	A03488	U+838A	33674	莊
03489	A03489	U+8393	33683	莓
03490	A03490	U+8389	33673	莉
03491	A03491	U+83A0	33696	莠
03492	A03492	U+8377	33655	荷
03493	A03493	U+837B	33659	荻
03494	A03494	U+837C	33660	荼
03495	A03495	U+83E9	33769	菩
03496	A03496	U+8403	33795	萃
03497	A03497	U+83F8	33784	菸
03498	A03498	U+840D	33805	萍
03499	A03499	U+83E0	33760	菠
03500	A03500	U+83C5	33733	菅
03501	A03501	U+840B	33803	萋
03502	A03502	U+83C1	33729	菁
03503	A03503	U+83EF	33775	華
03504	A03504	U+83F1	33777	菱
03505	A03505	U+83F4	33780	菴
03506	A03506	U+8457	33879	著
03507	A03507	U+840A	33802	萊
03508	A03508	U+83F0	33776	菰
03509	A03509	U+840C	33804	萌
03510	A03510	U+83CC	33740	菌
03511	A03511	U+83FD	33789	菽
03512	A03512	U+83F2	33778	菲
03513	A03513	U+83CA	33738	菊
03514	A03514	U+8438	33848	萸
03515	A03515	U+840E	33806	萎
03516	A03516	U+8404	33796	萄
03517	A03517	U+83DC	33756	菜
03518	A03518	U+8482	33922	蒂
03519	A03519	U+8477	33911	葷
03520	A03520	U+843D	33853	落
03521	A03521	U+8431	33841	萱
03522	A03522	U+8475	33909	葵
03523	A03523	U+8466	33894	葦
03524	A03524	U+846B	33899	葫
03525	A03525	U+8449	33865	葉
03526	A03526	U+846C	33900	葬
03527	A03527	U+845B	33883	葛
03528	A03528	U+843C	33852	萼
03529	A03529	U+8435	33845	萵
03530	A03530	U+8461	33889	葡
03531	A03531	U+8463	33891	董
03532	A03532	U+8469	33897	葩
03533	A03533	U+84C9	33993	蓉
03534	A03534	U+84BF	33983	蒿
03535	A03535	U+84C6	33990	蓆
03536	A03536	U+84C4	33988	蓄
03537	A03537	U+8499	33945	蒙
03538	A03538	U+849E	33950	蒞
03539	A03539	U+84B2	33970	蒲
03540	A03540	U+849C	33948	蒜
03541	A03541	U+84CB	33995	蓋
03542	A03542	U+84B8	33976	蒸
03543	A03543	U+84C0	33984	蓀
03544	A03544	U+84D3	34003	蓓
03545	A03545	U+8490	33936	蒐
03546	A03546	U+84BC	33980	蒼
03547	A03547	U+8517	34071	蔗
03548	A03548	U+853D	34109	蔽
03549	A03549	U+851A	34074	蔚
03550	A03550	U+84EE	34030	蓮
03551	A03551	U+852C	34092	蔬
03552	A03552	U+852D	34093	蔭
03553	A03553	U+8513	34067	蔓
03554	A03554	U+8511	34065	蔑
03555	A03555	U+8523	34083	蔣
03556	A03556	U+8521	34081	蔡
03557	A03557	U+8514	34068	蔔
03558	A03558	U+84EC	34028	蓬
03559	A03559	U+8525	34085	蔥
03560	A03560	U+84FF	34047	蓿
03561	A03561	U+854A	34122	蕊
03562	A03562	U+8559	34137	蕙
03563	A03563	U+8548	34120	蕈
03564	A03564	U+8568	34152	蕨
03565	A03565	U+8569	34153	蕩
03566	A03566	U+8543	34115	蕃
03567	A03567	U+8549	34121	蕉
03568	A03568	U+856D	34157	蕭
03569	A03569	U+856A	34154	蕪
03570	A03570	U+85AA	34218	薪
03571	A03571	U+8584	34180	薄
03572	A03572	U+857E	34174	蕾
03573	A03573	U+859C	34204	薜
03574	A03574	U+8591	34193	薑
03575	A03575	U+8594	34196	薔
03576	A03576	U+85AF	34223	薯
03577	A03577	U+859B	34203	薛
03578	A03578	U+8587	34183	薇
03579	A03579	U+85CF	34255	藏
03580	A03580	U+85A9	34217	薩
03581	A03581	U+85CD	34253	藍
03582	A03582	U+85D0	34256	藐
03583	A03583	U+85C9	34249	藉
03584	A03584	U+85B0	34224	薰
03585	A03585	U+85E9	34281	藩
03586	A03586	U+85DD	34269	藝
03587	A03587	U+85EA	34282	藪
03588	A03588	U+85D5	34261	藕
03589	A03589	U+85E4	34276	藤
03590	A03590	U+85E5	34277	藥
03591	A03591	U+85FB	34299	藻
03592	A03592	U+85F9	34297	藹
03593	A03593	U+8611	34321	蘑
03594	A03594	U+85FA	34298	藺
03595	A03595	U+8606	34310	蘆
03596	A03596	U+860B	34315	蘋
03597	A03597	U+8607	34311	蘇
03598	A03598	U+860A	34314	蘊
03599	A03599	U+8617	34327	蘗
03600	A03600	U+862D	34349	蘭
03601	A03601	U+861A	34330	蘚
03602	A03602	U+8638	34360	蘸
03603	A03603	U+863F	34367	蘿
03604	A03604	U+864E	34382	虎
03605	A03605	U+8650	34384	虐
03606	A03606	U+8654	34388	虔
03607	A03607	U+8655	34389	處
03608	A03608	U+5F6A	24426	彪
03609	A03609	U+865B	34395	虛
03610	A03610	U+865C	34396	虜
03611	A03611	U+865E	34398	虞
03612	A03612	U+865F	34399	號
03613	A03613	U+8667	34407	虧
03614	A03614	U+866B	34411	虫
03615	A03615	U+8671	34417	虱
03616	A03616	U+8679	34425	虹
03617	A03617	U+868A	34442	蚊
03618	A03618	U+86AA	34474	蚪
03619	A03619	U+8693	34451	蚓
03620	A03620	U+86A4	34468	蚤
03621	A03621	U+86A9	34473	蚩
03622	A03622	U+868C	34444	蚌
03623	A03623	U+86A3	34467	蚣
03624	A03624	U+86C7	34503	蛇
03625	A03625	U+86C0	34496	蛀
03626	A03626	U+86B6	34486	蚶
03627	A03627	U+86C4	34500	蛄
03628	A03628	U+86B5	34485	蚵
03629	A03629	U+86C6	34502	蛆
03630	A03630	U+86CB	34507	蛋
03631	A03631	U+86B1	34481	蚱
03632	A03632	U+86AF	34479	蚯
03633	A03633	U+86DF	34527	蛟
03634	A03634	U+86D9	34521	蛙
03635	A03635	U+86ED	34541	蛭
03636	A03636	U+86D4	34516	蛔
03637	A03637	U+86DB	34523	蛛
03638	A03638	U+86E4	34532	蛤
03639	A03639	U+86F9	34553	蛹
03640	A03640	U+8713	34579	蜓
03641	A03641	U+8708	34568	蜈
03642	A03642	U+8707	34567	蜇
03643	A03643	U+8700	34560	蜀
03644	A03644	U+86FE	34558	蛾
03645	A03645	U+86FB	34555	蛻
03646	A03646	U+8702	34562	蜂
03647	A03647	U+8703	34563	蜃
03648	A03648	U+873F	34623	蜿
03649	A03649	U+871C	34588	蜜
03650	A03650	U+873B	34619	蜻
03651	A03651	U+8722	34594	蜢
03652	A03652	U+8725	34597	蜥
03653	A03653	U+8734	34612	蜴
03654	A03654	U+8718	34584	蜘
03655	A03655	U+8755	34645	蝕
03656	A03656	U+8782	34690	螂
03657	A03657	U+8774	34676	蝴
03658	A03658	U+8776	34678	蝶
03659	A03659	U+8760	34656	蝠
03660	A03660	U+8766	34662	蝦
03661	A03661	U+8778	34680	蝸
03662	A03662	U+8768	34664	蝨
03663	A03663	U+8759	34649	蝙
03664	A03664	U+8757	34647	蝗
03665	A03665	U+874C	34636	蝌
03666	A03666	U+8783	34691	螃
03667	A03667	U+879F	34719	螟
03668	A03668	U+879E	34718	螞
03669	A03669	U+87A2	34722	螢
03670	A03670	U+878D	34701	融
03671	A03671	U+87C0	34752	蟀
03672	A03672	U+87D1	34769	蟑
03673	A03673	U+87B3	34739	螳
03674	A03674	U+87D2	34770	蟒
03675	A03675	U+87C6	34758	蟆
03676	A03676	U+87AB	34731	螫
03677	A03677	U+87BB	34747	螻
03678	A03678	U+87BA	34746	螺
03679	A03679	U+87C8	34760	蟈
03680	A03680	U+87CB	34763	蟋
03681	A03681	U+87EF	34799	蟯
03682	A03682	U+87EC	34796	蟬
03683	A03683	U+87F2	34802	蟲
03684	A03684	U+87FB	34811	蟻
03685	A03685	U+8805	34821	蠅
03686	A03686	U+880D	34829	蠍
03687	A03687	U+87F9	34809	蟹
03688	A03688	U+8814	34836	蠔
03689	A03689	U+8815	34837	蠕
03690	A03690	U+8823	34851	蠣
03691	A03691	U+8822	34850	蠢
03692	A03692	U+8821	34849	蠡
03693	A03693	U+881F	34847	蠟
03694	A03694	U+8831	34865	蠱
03695	A03695	U+8836	34870	蠶
03696	A03696	U+8839	34873	蠹
03697	A03697	U+883B	34875	蠻
03698	A03698	U+8840	34880	血
03699	A03699	U+884C	34892	行
03700	A03700	U+884D	34893	衍
03701	A03701	U+8853	34899	術
03702	A03702	U+8857	34903	街
03703	A03703	U+8859	34905	衙
03704	A03704	U+885B	34907	衛
03705	A03705	U+885D	34909	衝
03706	A03706	U+8861	34913	衡
03707	A03707	U+8862	34914	衢
03708	A03708	U+8863	34915	衣
03709	A03709	U+521D	21021	初
03710	A03710	U+8868	34920	表
03711	A03711	U+886B	34923	衫
03712	A03712	U+8870	34928	衰
03713	A03713	U+8877	34935	衷
03714	A03714	U+8881	34945	袁
03715	A03715	U+8882	34946	袂
03716	A03716	U+889E	34974	袞
03717	A03717	U+8888	34952	袈
03718	A03718	U+88AB	34987	被
03719	A03719	U+8892	34962	袒
03720	A03720	U+8896	34966	袖
03721	A03721	U+888D	34957	袍
03722	A03722	U+888B	34955	袋
03723	A03723	U+88C1	35009	裁
03724	A03724	U+88C2	35010	裂
03725	A03725	U+88B1	34993	袱
03726	A03726	U+88DF	35039	裟
03727	A03727	U+88D4	35028	裔
03728	A03728	U+88D9	35033	裙
03729	A03729	U+88DC	35036	補
03730	A03730	U+88D8	35032	裘
03731	A03731	U+88DD	35037	裝
03732	A03732	U+88E1	35041	裡
03733	A03733	U+88CA	35018	裊
03734	A03734	U+88D5	35029	裕
03735	A03735	U+88F3	35059	裳
03736	A03736	U+8902	35074	褂
03737	A03737	U+88F4	35060	裴
03738	A03738	U+88F9	35065	裹
03739	A03739	U+88F8	35064	裸
03740	A03740	U+88FD	35069	製
03741	A03741	U+88E8	35048	裨
03742	A03742	U+891A	35098	褚
03743	A03743	U+8910	35088	褐
03744	A03744	U+8907	35079	複
03745	A03745	U+8912	35090	褒
03746	A03746	U+8913	35091	褓
03747	A03747	U+892A	35114	褪
03748	A03748	U+8932	35122	褲
03749	A03749	U+8925	35109	褥
03750	A03750	U+892B	35115	褫
03751	A03751	U+893B	35131	褻
03752	A03752	U+8936	35126	褶
03753	A03753	U+8944	35140	襄
03754	A03754	U+8938	35128	褸
03755	A03755	U+8960	35168	襠
03756	A03756	U+895F	35167	襟
03757	A03757	U+8956	35158	襖
03758	A03758	U+8964	35172	襤
03759	A03759	U+896A	35178	襪
03760	A03760	U+8972	35186	襲
03761	A03761	U+896F	35183	襯
03762	A03762	U+897F	35199	西
03763	A03763	U+8981	35201	要
03764	A03764	U+8983	35203	覃
03765	A03765	U+8986	35206	覆
03766	A03766	U+898B	35211	見
03767	A03767	U+8993	35219	覓
03768	A03768	U+898F	35215	規
03769	A03769	U+8996	35222	視
03770	A03770	U+89AA	35242	親
03771	A03771	U+89A6	35238	覦
03772	A03772	U+89AC	35244	覬
03773	A03773	U+89B2	35250	覲
03774	A03774	U+89BA	35258	覺
03775	A03775	U+89BD	35261	覽
03776	A03776	U+89C0	35264	觀
03777	A03777	U+89D2	35282	角
03778	A03778	U+89E3	35299	解
03779	A03779	U+89F4	35316	觴
03780	A03780	U+89F8	35320	觸
03781	A03781	U+8A00	35328	言
03782	A03782	U+8A08	35336	計
03783	A03783	U+8A02	35330	訂
03784	A03784	U+8A03	35331	訃
03785	A03785	U+8A18	35352	記
03786	A03786	U+8A10	35344	訐
03787	A03787	U+8A0E	35342	討
03788	A03788	U+8A0C	35340	訌
03789	A03789	U+8A15	35349	訕
03790	A03790	U+8A0A	35338	訊
03791	A03791	U+8A17	35351	託
03792	A03792	U+8A13	35347	訓
03793	A03793	U+8A16	35350	訖
03794	A03794	U+8A2A	35370	訪
03795	A03795	U+8A1D	35357	訝
03796	A03796	U+8A23	35363	訣
03797	A03797	U+8A25	35365	訥
03798	A03798	U+8A31	35377	許
03799	A03799	U+8A2D	35373	設
03800	A03800	U+8A1F	35359	訟
03801	A03801	U+8A1B	35355	訛
03802	A03802	U+8A3B	35387	註
03803	A03803	U+8A60	35424	詠
03804	A03804	U+8A55	35413	評
03805	A03805	U+8A5E	35422	詞
03806	A03806	U+8A3C	35388	証
03807	A03807	U+8A41	35393	詁
03808	A03808	U+8A54	35412	詔
03809	A03809	U+8A5B	35419	詛
03810	A03810	U+8A50	35408	詐
03811	A03811	U+8A46	35398	詆
03812	A03812	U+8A34	35380	訴
03813	A03813	U+8A3A	35386	診
03814	A03814	U+8A6B	35435	詫
03815	A03815	U+8A72	35442	該
03816	A03816	U+8A73	35443	詳
03817	A03817	U+8A66	35430	試
03818	A03818	U+8A69	35433	詩
03819	A03819	U+8A70	35440	詰
03820	A03820	U+8A87	35463	誇
03821	A03821	U+8A7C	35452	詼
03822	A03822	U+8A63	35427	詣
03823	A03823	U+8AA0	35488	誠
03824	A03824	U+8A71	35441	話
03825	A03825	U+8A85	35461	誅
03826	A03826	U+8A6D	35437	詭
03827	A03827	U+8A62	35426	詢
03828	A03828	U+8A6E	35438	詮
03829	A03829	U+8A6C	35436	詬
03830	A03830	U+8A79	35449	詹
03831	A03831	U+8AA6	35494	誦
03832	A03832	U+8A8C	35468	誌
03833	A03833	U+8A9E	35486	語
03834	A03834	U+8AA3	35491	誣
03835	A03835	U+8A8D	35469	認
03836	A03836	U+8AA1	35489	誡
03837	A03837	U+8A93	35475	誓
03838	A03838	U+8AA4	35492	誤
03839	A03839	U+8AAA	35498	說
03840	A03840	U+8AA5	35493	誥
03841	A03841	U+8AA8	35496	誨
03842	A03842	U+8A98	35480	誘
03843	A03843	U+8A91	35473	誑
03844	A03844	U+8ABC	35516	誼
03845	A03845	U+8AD2	35538	諒
03846	A03846	U+8AC7	35527	談
03847	A03847	U+8AC4	35524	諄
03848	A03848	U+8A95	35477	誕
03849	A03849	U+8ACB	35531	請
03850	A03850	U+8AF8	35576	諸
03851	A03851	U+8AB2	35506	課
03852	A03852	U+8AC9	35529	諉
03853	A03853	U+8AC2	35522	諂
03854	A03854	U+8ABF	35519	調
03855	A03855	U+8AB0	35504	誰
03856	A03856	U+8AD6	35542	論
03857	A03857	U+8ACD	35533	諍
03858	A03858	U+8AE6	35558	諦
03859	A03859	U+8AFA	35578	諺
03860	A03860	U+8AEB	35563	諫
03861	A03861	U+8AF1	35569	諱
03862	A03862	U+8B00	35584	謀
03863	A03863	U+8ADC	35548	諜
03864	A03864	U+8AE7	35559	諧
03865	A03865	U+8AEE	35566	諮
03866	A03866	U+8AFE	35582	諾
03867	A03867	U+8B01	35585	謁
03868	A03868	U+8B02	35586	謂
03869	A03869	U+8AF7	35575	諷
03870	A03870	U+8AED	35565	諭
03871	A03871	U+8B0E	35598	謎
03872	A03872	U+8B17	35607	謗
03873	A03873	U+8B19	35609	謙
03874	A03874	U+8B1B	35611	講
03875	A03875	U+8B0A	35594	謊
03876	A03876	U+8B20	35616	謠
03877	A03877	U+8B1D	35613	謝
03878	A03878	U+8B04	35588	謄
03879	A03879	U+8B28	35624	謨
03880	A03880	U+8B39	35641	謹
03881	A03881	U+8B2C	35628	謬
03882	A03882	U+8B41	35649	譁
03883	A03883	U+8B5C	35676	譜
03884	A03884	U+8B58	35672	識
03885	A03885	U+8B49	35657	證
03886	A03886	U+8B5A	35674	譚
03887	A03887	U+8B4E	35662	譎
03888	A03888	U+8B4F	35663	譏
03889	A03889	U+8B70	35696	議
03890	A03890	U+8B6C	35692	譬
03891	A03891	U+8B66	35686	警
03892	A03892	U+8B6F	35695	譯
03893	A03893	U+8B74	35700	譴
03894	A03894	U+8B77	35703	護
03895	A03895	U+8B7D	35709	譽
03896	A03896	U+8B80	35712	讀
03897	A03897	U+8B8A	35722	變
03898	A03898	U+8B93	35731	讓
03899	A03899	U+8B92	35730	讒
03900	A03900	U+8B96	35734	讖
03901	A03901	U+8B9A	35738	讚
03902	A03902	U+8C37	35895	谷
03903	A03903	U+8C41	35905	豁
03904	A03904	U+8C3F	35903	谿
03905	A03905	U+8C46	35910	豆
03906	A03906	U+8C48	35912	豈
03907	A03907	U+8C49	35913	豉
03908	A03908	U+8C4C	35916	豌
03909	A03909	U+8C4E	35918	豎
03910	A03910	U+8C50	35920	豐
03911	A03911	U+8C54	35924	豔
03912	A03912	U+8C55	35925	豕
03913	A03913	U+8C5A	35930	豚
03914	A03914	U+8C61	35937	象
03915	A03915	U+8C62	35938	豢
03916	A03916	U+8C6A	35946	豪
03917	A03917	U+8C6C	35948	豬
03918	A03918	U+8C6B	35947	豫
03919	A03919	U+8C7A	35962	豺
03920	A03920	U+8C79	35961	豹
03921	A03921	U+8C82	35970	貂
03922	A03922	U+8C8A	35978	貊
03923	A03923	U+8C89	35977	貉
03924	A03924	U+8C8D	35981	貍
03925	A03925	U+8C8C	35980	貌
03926	A03926	U+8C93	35987	貓
03927	A03927	U+8C9D	35997	貝
03928	A03928	U+8C9E	35998	貞
03929	A03929	U+8CA0	36000	負
03930	A03930	U+8CA1	36001	財
03931	A03931	U+8CA2	36002	貢
03932	A03932	U+8CA9	36009	販
03933	A03933	U+8CAC	36012	責
03934	A03934	U+8CAB	36011	貫
03935	A03935	U+8CA8	36008	貨
03936	A03936	U+8CAA	36010	貪
03937	A03937	U+8CA7	36007	貧
03938	A03938	U+8CAF	36015	貯
03939	A03939	U+8CBC	36028	貼
03940	A03940	U+8CB3	36019	貳
03941	A03941	U+8CBD	36029	貽
03942	A03942	U+8CC1	36033	賁
03943	A03943	U+8CBB	36027	費
03944	A03944	U+8CC0	36032	賀
03945	A03945	U+8CB4	36020	貴
03946	A03946	U+8CB7	36023	買
03947	A03947	U+8CB6	36022	貶
03948	A03948	U+8CBF	36031	貿
03949	A03949	U+8CB8	36024	貸
03950	A03950	U+8CCA	36042	賊
03951	A03951	U+8CC7	36039	資
03952	A03952	U+8CC8	36040	賈
03953	A03953	U+8CC4	36036	賄
03954	A03954	U+8CB2	36018	貲
03955	A03955	U+8CC3	36035	賃
03956	A03956	U+8CC2	36034	賂
03957	A03957	U+8CC5	36037	賅
03958	A03958	U+8CD3	36051	賓
03959	A03959	U+8CD1	36049	賑
03960	A03960	U+8CD2	36050	賒
03961	A03961	U+8CE0	36064	賠
03962	A03962	U+8CDE	36062	賞
03963	A03963	U+8CE6	36070	賦
03964	A03964	U+8CE4	36068	賤
03965	A03965	U+8CEC	36076	賬
03966	A03966	U+8CED	36077	賭
03967	A03967	U+8CE2	36066	賢
03968	A03968	U+8CE3	36067	賣
03969	A03969	U+8CDC	36060	賜
03970	A03970	U+8CEA	36074	質
03971	A03971	U+8CF4	36084	賴
03972	A03972	U+8CFA	36090	賺
03973	A03973	U+8CFD	36093	賽
03974	A03974	U+8CFC	36092	購
03975	A03975	U+8D05	36101	贅
03976	A03976	U+8D08	36104	贈
03977	A03977	U+8D0A	36106	贊
03978	A03978	U+8D0F	36111	贏
03979	A03979	U+8D0D	36109	贍
03980	A03980	U+8D13	36115	贓
03981	A03981	U+8D16	36118	贖
03982	A03982	U+8D17	36119	贗
03983	A03983	U+8D1B	36123	贛
03984	A03984	U+8D64	36196	赤
03985	A03985	U+8D67	36199	赧
03986	A03986	U+8D66	36198	赦
03987	A03987	U+8D6B	36203	赫
03988	A03988	U+8D6D	36205	赭
03989	A03989	U+8D70	36208	走
03990	A03990	U+8D74	36212	赴
03991	A03991	U+8D73	36211	赳
03992	A03992	U+8D77	36215	起
03993	A03993	U+8D8A	36234	越
03994	A03994	U+8D85	36229	超
03995	A03995	U+8D81	36225	趁
03996	A03996	U+8D99	36249	趙
03997	A03997	U+8D95	36245	趕
03998	A03998	U+8D9F	36255	趟
03999	A03999	U+8DA3	36259	趣
04000	A04000	U+8DA8	36264	趨
04001	A04001	U+8DB3	36275	足
04002	A04002	U+8DB4	36276	趴
04003	A04003	U+8DBE	36286	趾
04004	A04004	U+8DCE	36302	跎
04005	A04005	U+8DDD	36317	距
04006	A04006	U+8DCB	36299	跋
04007	A04007	U+8DDA	36314	跚
04008	A04008	U+8DD1	36305	跑
04009	A04009	U+8DCC	36300	跌
04010	A04010	U+8DDB	36315	跛
04011	A04011	U+8DC6	36294	跆
04012	A04012	U+8DE1	36321	跡
04013	A04013	U+8DDF	36319	跟
04014	A04014	U+8DE8	36328	跨
04015	A04015	U+8DEF	36335	路
04016	A04016	U+8DF3	36339	跳
04017	A04017	U+8DFA	36346	跺
04018	A04018	U+8DEA	36330	跪
04019	A04019	U+8DFC	36348	跼
04020	A04020	U+8E2B	36395	踫
04021	A04021	U+8E10	36368	踐
04022	A04022	U+8E1D	36381	踝
04023	A04023	U+8E22	36386	踢
04024	A04024	U+8E0F	36367	踏
04025	A04025	U+8E29	36393	踩
04026	A04026	U+8E1F	36383	踟
04027	A04027	U+8E44	36420	蹄
04028	A04028	U+8E31	36401	踱
04029	A04029	U+8E34	36404	踴
04030	A04030	U+8E42	36418	蹂
04031	A04031	U+8E39	36409	踹
04032	A04032	U+8E35	36405	踵
04033	A04033	U+8E49	36425	蹉
04034	A04034	U+8E4B	36427	蹋
04035	A04035	U+8E48	36424	蹈
04036	A04036	U+8E4A	36426	蹊
04037	A04037	U+8E59	36441	蹙
04038	A04038	U+8E63	36451	蹣
04039	A04039	U+8E66	36454	蹦
04040	A04040	U+8E64	36452	蹤
04041	A04041	U+8E7C	36476	蹼
04042	A04042	U+8E72	36466	蹲
04043	A04043	U+8E87	36487	躇
04044	A04044	U+8E76	36470	蹶
04045	A04045	U+8E6C	36460	蹬
04046	A04046	U+8E7A	36474	蹺
04047	A04047	U+8E89	36489	躉
04048	A04048	U+8E81	36481	躁
04049	A04049	U+8E85	36485	躅
04050	A04050	U+8E82	36482	躂
04051	A04051	U+8E8A	36490	躊
04052	A04052	U+8E8D	36493	躍
04053	A04053	U+8E91	36497	躑
04054	A04054	U+8EA1	36513	躡
04055	A04055	U+8EAA	36522	躪
04056	A04056	U+8EAB	36523	身
04057	A04057	U+8EAC	36524	躬
04058	A04058	U+8EB2	36530	躲
04059	A04059	U+8EBA	36538	躺
04060	A04060	U+8EC0	36544	軀
04061	A04061	U+8ECA	36554	車
04062	A04062	U+8ECB	36555	軋
04063	A04063	U+8ECD	36557	軍
04064	A04064	U+8ECC	36556	軌
04065	A04065	U+8ED2	36562	軒
04066	A04066	U+8ED4	36564	軔
04067	A04067	U+8EDB	36571	軛
04068	A04068	U+8EDF	36575	軟
04069	A04069	U+8EFB	36603	軻
04070	A04070	U+8EF8	36600	軸
04071	A04071	U+8EFC	36604	軼
04072	A04072	U+8F03	36611	較
04073	A04073	U+8F09	36617	載
04074	A04074	U+8EFE	36606	軾
04075	A04075	U+8F0A	36618	輊
04076	A04076	U+8F14	36628	輔
04077	A04077	U+8F12	36626	輒
04078	A04078	U+8F15	36629	輕
04079	A04079	U+8F13	36627	輓
04080	A04080	U+8F1D	36637	輝
04081	A04081	U+8F1B	36635	輛
04082	A04082	U+8F1F	36639	輟
04083	A04083	U+8F29	36649	輩
04084	A04084	U+8F26	36646	輦
04085	A04085	U+8F2A	36650	輪
04086	A04086	U+8F1C	36636	輜
04087	A04087	U+8F3B	36667	輻
04088	A04088	U+8F2F	36655	輯
04089	A04089	U+8F38	36664	輸
04090	A04090	U+8F44	36676	轄
04091	A04091	U+8F3E	36670	輾
04092	A04092	U+8F42	36674	轂
04093	A04093	U+8F45	36677	轅
04094	A04094	U+8F3F	36671	輿
04095	A04095	U+8F49	36681	轉
04096	A04096	U+8F4D	36685	轍
04097	A04097	U+8F54	36692	轔
04098	A04098	U+8F4E	36686	轎
04099	A04099	U+8F5F	36703	轟
04100	A04100	U+8F61	36705	轡
04101	A04101	U+8F9B	36763	辛
04102	A04102	U+8F9C	36764	辜
04103	A04103	U+8F9F	36767	辟
04104	A04104	U+8FA3	36771	辣
04105	A04105	U+8FA8	36776	辨
04106	A04106	U+8FA6	36774	辦
04107	A04107	U+8FAD	36781	辭
04108	A04108	U+8FAF	36783	辯
04109	A04109	U+8FB0	36784	辰
04110	A04110	U+8FB1	36785	辱
04111	A04111	U+8FB2	36786	農
04112	A04112	U+8FC2	36802	迂
04113	A04113	U+8FC6	36806	迆
04114	A04114	U+8FC5	36805	迅
04115	A04115	U+8FC4	36804	迄
04116	A04116	U+5DE1	24033	巡
04117	A04117	U+8FCE	36814	迎
04118	A04118	U+8FD4	36820	返
04119	A04119	U+8FD1	36817	近
04120	A04120	U+8FF0	36848	述
04121	A04121	U+8FE6	36838	迦
04122	A04122	U+8FE2	36834	迢
04123	A04123	U+8FEA	36842	迪
04124	A04124	U+8FE5	36837	迥
04125	A04125	U+8FED	36845	迭
04126	A04126	U+8FEB	36843	迫
04127	A04127	U+9001	36865	送
04128	A04128	U+9006	36870	逆
04129	A04129	U+8FF7	36855	迷
04130	A04130	U+9000	36864	退
04131	A04131	U+8FFA	36858	迺
04132	A04132	U+8FF4	36852	迴
04133	A04133	U+9003	36867	逃
04134	A04134	U+8FFD	36861	追
04135	A04135	U+9005	36869	逅
04136	A04136	U+9019	36889	這
04137	A04137	U+900D	36877	逍
04138	A04138	U+901A	36890	通
04139	A04139	U+9017	36887	逗
04140	A04140	U+9023	36899	連
04141	A04141	U+901F	36895	速
04142	A04142	U+901D	36893	逝
04143	A04143	U+9010	36880	逐
04144	A04144	U+9015	36885	逕
04145	A04145	U+901E	36894	逞
04146	A04146	U+9020	36896	造
04147	A04147	U+900F	36879	透
04148	A04148	U+9022	36898	逢
04149	A04149	U+9016	36886	逖
04150	A04150	U+901B	36891	逛
04151	A04151	U+9014	36884	途
04152	A04152	U+902E	36910	逮
04153	A04153	U+9035	36917	逵
04154	A04154	U+9031	36913	週
04155	A04155	U+9038	36920	逸
04156	A04156	U+9032	36914	進
04157	A04157	U+904B	36939	運
04158	A04158	U+904A	36938	遊
04159	A04159	U+9053	36947	道
04160	A04160	U+9042	36930	遂
04161	A04161	U+9054	36948	達
04162	A04162	U+903C	36924	逼
04163	A04163	U+9055	36949	違
04164	A04164	U+9050	36944	遐
04165	A04165	U+9047	36935	遇
04166	A04166	U+904F	36943	遏
04167	A04167	U+904E	36942	過
04168	A04168	U+904D	36941	遍
04169	A04169	U+9051	36945	遑
04170	A04170	U+903E	36926	逾
04171	A04171	U+9041	36929	遁
04172	A04172	U+9060	36960	遠
04173	A04173	U+9058	36952	遘
04174	A04174	U+905C	36956	遜
04175	A04175	U+9063	36963	遣
04176	A04176	U+9059	36953	遙
04177	A04177	U+905E	36958	遞
04178	A04178	U+9069	36969	適
04179	A04179	U+906E	36974	遮
04180	A04180	U+9068	36968	遨
04181	A04181	U+906D	36973	遭
04182	A04182	U+9077	36983	遷
04183	A04183	U+9075	36981	遵
04184	A04184	U+9074	36980	遴
04185	A04185	U+9078	36984	選
04186	A04186	U+9072	36978	遲
04187	A04187	U+907C	36988	遼
04188	A04188	U+907A	36986	遺
04189	A04189	U+907F	36991	避
04190	A04190	U+907D	36989	遽
04191	A04191	U+9084	36996	還
04192	A04192	U+9081	36993	邁
04193	A04193	U+9082	36994	邂
04194	A04194	U+9080	36992	邀
04195	A04195	U+9087	36999	邇
04196	A04196	U+908A	37002	邊
04197	A04197	U+9090	37008	邐
04198	A04198	U+908F	37007	邏
04199	A04199	U+9091	37009	邑
04200	A04200	U+9095	37013	邕
04201	A04201	U+90A2	37026	邢
04202	A04202	U+90AA	37034	邪
04203	A04203	U+90A6	37030	邦
04204	A04204	U+90A3	37027	那
04205	A04205	U+90B5	37045	邵
04206	A04206	U+90B8	37048	邸
04207	A04207	U+90B1	37041	邱
04208	A04208	U+90CA	37066	郊
04209	A04209	U+90CE	37070	郎
04210	A04210	U+90C1	37057	郁
04211	A04211	U+90E1	37089	郡
04212	A04212	U+90E8	37096	部
04213	A04213	U+90ED	37101	郭
04214	A04214	U+90FD	37117	都
04215	A04215	U+9102	37122	鄂
04216	A04216	U+90F5	37109	郵
04217	A04217	U+9109	37129	鄉
04218	A04218	U+9112	37138	鄒
04219	A04219	U+9119	37145	鄙
04220	A04220	U+9130	37168	鄰
04221	A04221	U+912D	37165	鄭
04222	A04222	U+9127	37159	鄧
04223	A04223	U+9131	37169	鄱
04224	A04224	U+9139	37177	鄹
04225	A04225	U+9149	37193	酉
04226	A04226	U+914B	37195	酋
04227	A04227	U+914A	37194	酊
04228	A04228	U+9152	37202	酒
04229	A04229	U+914D	37197	配
04230	A04230	U+914C	37196	酌
04231	A04231	U+9157	37207	酗
04232	A04232	U+9163	37219	酣
04233	A04233	U+9165	37221	酥
04234	A04234	U+916C	37228	酬
04235	A04235	U+916A	37226	酪
04236	A04236	U+9169	37225	酩
04237	A04237	U+9175	37237	酵
04238	A04238	U+9178	37240	酸
04239	A04239	U+9177	37239	酷
04240	A04240	U+9187	37255	醇
04241	A04241	U+9189	37257	醉
04242	A04242	U+918B	37259	醋
04243	A04243	U+9183	37251	醃
04244	A04244	U+9192	37266	醒
04245	A04245	U+91A3	37283	醣
04246	A04246	U+919E	37278	醞
04247	A04247	U+919C	37276	醜
04248	A04248	U+91AB	37291	醫
04249	A04249	U+91AC	37292	醬
04250	A04250	U+91BA	37306	醺
04251	A04251	U+91C0	37312	釀
04252	A04252	U+91C1	37313	釁
04253	A04253	U+91C7	37319	采
04254	A04254	U+91C9	37321	釉
04255	A04255	U+91CB	37323	釋
04256	A04256	U+91CC	37324	里
04257	A04257	U+91CD	37325	重
04258	A04258	U+91CE	37326	野
04259	A04259	U+91CF	37327	量
04260	A04260	U+91D0	37328	釐
04261	A04261	U+91D1	37329	金
04262	A04262	U+91D8	37336	釘
04263	A04263	U+91DD	37341	針
04264	A04264	U+91D7	37335	釗
04265	A04265	U+91DC	37340	釜
04266	A04266	U+91F5	37365	釵
04267	A04267	U+91E6	37350	釦
04268	A04268	U+91E3	37347	釣
04269	A04269	U+91E7	37351	釧
04270	A04270	U+9214	37396	鈔
04271	A04271	U+9223	37411	鈣
04272	A04272	U+9215	37397	鈕
04273	A04273	U+9209	37385	鈉
04274	A04274	U+921E	37406	鈞
04275	A04275	U+920D	37389	鈍
04276	A04276	U+9210	37392	鈐
04277	A04277	U+9237	37431	鈷
04278	A04278	U+9257	37463	鉗
04279	A04279	U+9238	37432	鈸
04280	A04280	U+923D	37437	鈽
04281	A04281	U+9240	37440	鉀
04282	A04282	U+923E	37438	鈾
04283	A04283	U+925B	37467	鉛
04284	A04284	U+924B	37451	鉋
04285	A04285	U+9264	37476	鉤
04286	A04286	U+9251	37457	鉑
04287	A04287	U+9234	37428	鈴
04288	A04288	U+9278	37496	鉸
04289	A04289	U+92AC	37548	銬
04290	A04290	U+9280	37504	銀
04291	A04291	U+9285	37509	銅
04292	A04292	U+9298	37528	銘
04293	A04293	U+9296	37526	銖
04294	A04294	U+927B	37499	鉻
04295	A04295	U+9293	37523	銓
04296	A04296	U+929C	37532	銜
04297	A04297	U+92C5	37573	鋅
04298	A04298	U+92BB	37563	銻
04299	A04299	U+92B7	37559	銷
04300	A04300	U+92EA	37610	鋪
04301	A04301	U+92E4	37604	鋤
04302	A04302	U+92C1	37569	鋁
04303	A04303	U+92B3	37555	銳
04304	A04304	U+92BC	37564	銼
04305	A04305	U+92D2	37586	鋒
04306	A04306	U+9320	37664	錠
04307	A04307	U+9336	37686	錶
04308	A04308	U+92F8	37624	鋸
04309	A04309	U+9333	37683	錳
04310	A04310	U+932F	37679	錯
04311	A04311	U+9322	37666	錢
04312	A04312	U+92FC	37628	鋼
04313	A04313	U+932B	37675	錫
04314	A04314	U+9304	37636	錄
04315	A04315	U+931A	37658	錚
04316	A04316	U+9310	37648	錐
04317	A04317	U+9326	37670	錦
04318	A04318	U+934D	37709	鍍
04319	A04319	U+9382	37762	鎂
04320	A04320	U+9328	37672	錨
04321	A04321	U+9375	37749	鍵
04322	A04322	U+934A	37706	鍊
04323	A04323	U+9365	37733	鍥
04324	A04324	U+934B	37707	鍋
04325	A04325	U+9318	37656	錘
04326	A04326	U+937E	37758	鍾
04327	A04327	U+936C	37740	鍬
04328	A04328	U+935B	37723	鍛
04329	A04329	U+9370	37744	鍰
04330	A04330	U+9394	37780	鎔
04331	A04331	U+938A	37770	鎊
04332	A04332	U+9396	37782	鎖
04333	A04333	U+93A2	37794	鎢
04334	A04334	U+93B3	37811	鎳
04335	A04335	U+93AE	37806	鎮
04336	A04336	U+93E1	37857	鏡
04337	A04337	U+93D1	37841	鏑
04338	A04338	U+93DF	37855	鏟
04339	A04339	U+93C3	37827	鏃
04340	A04340	U+93C8	37832	鏈
04341	A04341	U+93DC	37852	鏜
04342	A04342	U+93DD	37853	鏝
04343	A04343	U+93D6	37846	鏖
04344	A04344	U+93E2	37858	鏢
04345	A04345	U+93CD	37837	鏍
04346	A04346	U+93D8	37848	鏘
04347	A04347	U+93E4	37860	鏤
04348	A04348	U+93D7	37847	鏗
04349	A04349	U+9418	37912	鐘
04350	A04350	U+9403	37891	鐃
04351	A04351	U+93FD	37885	鏽
04352	A04352	U+942E	37934	鐮
04353	A04353	U+9433	37939	鐳
04354	A04354	U+9435	37941	鐵
04355	A04355	U+943A	37946	鐺
04356	A04356	U+9438	37944	鐸
04357	A04357	U+9432	37938	鐲
04358	A04358	U+9444	37956	鑄
04359	A04359	U+9451	37969	鑑
04360	A04360	U+9452	37970	鑒
04361	A04361	U+9463	37987	鑣
04362	A04362	U+9460	37984	鑠
04363	A04363	U+9472	38002	鑲
04364	A04364	U+9470	38000	鑰
04365	A04365	U+947D	38013	鑽
04366	A04366	U+947E	38014	鑾
04367	A04367	U+947C	38012	鑼
04368	A04368	U+947F	38015	鑿
04369	A04369	U+9577	38263	長
04370	A04370	U+9580	38272	門
04371	A04371	U+9582	38274	閂
04372	A04372	U+9583	38275	閃
04373	A04373	U+9589	38281	閉
04374	A04374	U+9594	38292	閔
04375	A04375	U+958F	38287	閏
04376	A04376	U+958B	38283	開
04377	A04377	U+9591	38289	閑
04378	A04378	U+9593	38291	間
04379	A04379	U+9592	38290	閒
04380	A04380	U+9598	38296	閘
04381	A04381	U+95A1	38305	閡
04382	A04382	U+95A8	38312	閨
04383	A04383	U+95A9	38313	閩
04384	A04384	U+95A3	38307	閣
04385	A04385	U+95A5	38309	閥
04386	A04386	U+95A4	38308	閤
04387	A04387	U+95AD	38317	閭
04388	A04388	U+95B1	38321	閱
04389	A04389	U+95BB	38331	閻
04390	A04390	U+95CA	38346	闊
04391	A04391	U+95CB	38347	闋
04392	A04392	U+95CC	38348	闌
04393	A04393	U+95C8	38344	闈
04394	A04394	U+95C6	38342	闆
04395	A04395	U+95D4	38356	闔
04396	A04396	U+95D6	38358	闖
04397	A04397	U+95D0	38352	闐
04398	A04398	U+95DC	38364	關
04399	A04399	U+95E1	38369	闡
04400	A04400	U+95E2	38370	闢
04401	A04401	U+961C	38428	阜
04402	A04402	U+9621	38433	阡
04403	A04403	U+9632	38450	防
04404	A04404	U+962E	38446	阮
04405	A04405	U+9631	38449	阱
04406	A04406	U+962A	38442	阪
04407	A04407	U+9640	38464	陀
04408	A04408	U+963F	38463	阿
04409	A04409	U+963B	38459	阻
04410	A04410	U+9644	38468	附
04411	A04411	U+9650	38480	限
04412	A04412	U+964B	38475	陋
04413	A04413	U+964C	38476	陌
04414	A04414	U+964D	38477	降
04415	A04415	U+9662	38498	院
04416	A04416	U+9663	38499	陣
04417	A04417	U+9661	38497	陡
04418	A04418	U+965B	38491	陛
04419	A04419	U+965D	38493	陝
04420	A04420	U+9664	38500	除
04421	A04421	U+966A	38506	陪
04422	A04422	U+9675	38517	陵
04423	A04423	U+9673	38515	陳
04424	A04424	U+9678	38520	陸
04425	A04425	U+9670	38512	陰
04426	A04426	U+9674	38516	陴
04427	A04427	U+9676	38518	陶
04428	A04428	U+9677	38519	陷
04429	A04429	U+968A	38538	隊
04430	A04430	U+968E	38542	階
04431	A04431	U+968B	38539	隋
04432	A04432	U+967D	38525	陽
04433	A04433	U+9685	38533	隅
04434	A04434	U+9686	38534	隆
04435	A04435	U+968D	38541	隍
04436	A04436	U+9672	38514	陲
04437	A04437	U+9698	38552	隘
04438	A04438	U+9694	38548	隔
04439	A04439	U+9695	38549	隕
04440	A04440	U+9699	38553	隙
04441	A04441	U+969C	38556	障
04442	A04442	U+969B	38555	際
04443	A04443	U+96A7	38567	隧
04444	A04444	U+96A8	38568	隨
04445	A04445	U+96AA	38570	險
04446	A04446	U+96B1	38577	隱
04447	A04447	U+96B4	38580	隴
04448	A04448	U+96B8	38584	隸
04449	A04449	U+96BB	38587	隻
04450	A04450	U+96C0	38592	雀
04451	A04451	U+96C1	38593	雁
04452	A04452	U+96C5	38597	雅
04453	A04453	U+96C4	38596	雄
04454	A04454	U+96CB	38603	雋
04455	A04455	U+96C6	38598	集
04456	A04456	U+96C7	38599	雇
04457	A04457	U+96CD	38605	雍
04458	A04458	U+96C9	38601	雉
04459	A04459	U+96CC	38604	雌
04460	A04460	U+96D5	38613	雕
04461	A04461	U+96D6	38614	雖
04462	A04462	U+96DC	38620	雜
04463	A04463	U+96D9	38617	雙
04464	A04464	U+96DB	38619	雛
04465	A04465	U+96DE	38622	雞
04466	A04466	U+96E2	38626	離
04467	A04467	U+96E3	38627	難
04468	A04468	U+96E8	38632	雨
04469	A04469	U+96EA	38634	雪
04470	A04470	U+96EF	38639	雯
04471	A04471	U+96F2	38642	雲
04472	A04472	U+96F7	38647	雷
04473	A04473	U+96FB	38651	電
04474	A04474	U+96F9	38649	雹
04475	A04475	U+96F6	38646	零
04476	A04476	U+9700	38656	需
04477	A04477	U+9704	38660	霄
04478	A04478	U+9706	38662	霆
04479	A04479	U+9707	38663	震
04480	A04480	U+9709	38665	霉
04481	A04481	U+970E	38670	霎
04482	A04482	U+9711	38673	霑
04483	A04483	U+9716	38678	霖
04484	A04484	U+970D	38669	霍
04485	A04485	U+9713	38675	霓
04486	A04486	U+970F	38671	霏
04487	A04487	U+971C	38684	霜
04488	A04488	U+971E	38686	霞
04489	A04489	U+972A	38698	霪
04490	A04490	U+9727	38695	霧
04491	A04491	U+9738	38712	霸
04492	A04492	U+9739	38713	霹
04493	A04493	U+9732	38706	露
04494	A04494	U+973D	38717	霽
04495	A04495	U+973E	38718	霾
04496	A04496	U+9742	38722	靂
04497	A04497	U+9748	38728	靈
04498	A04498	U+9744	38724	靄
04499	A04499	U+9752	38738	青
04500	A04500	U+9756	38742	靖
04501	A04501	U+975B	38747	靛
04502	A04502	U+975C	38748	靜
04503	A04503	U+975E	38750	非
04504	A04504	U+9760	38752	靠
04505	A04505	U+9761	38753	靡
04506	A04506	U+9762	38754	面
04507	A04507	U+9766	38758	靦
04508	A04508	U+9768	38760	靨
04509	A04509	U+9769	38761	革
04510	A04510	U+9774	38772	靴
04511	A04511	U+9776	38774	靶
04512	A04512	U+977C	38780	靼
04513	A04513	U+9785	38789	鞅
04514	A04514	U+978D	38797	鞍
04515	A04515	U+978B	38795	鞋
04516	A04516	U+978F	38799	鞏
04517	A04517	U+9798	38808	鞘
04518	A04518	U+97A0	38816	鞠
04519	A04519	U+97A3	38819	鞣
04520	A04520	U+97A6	38822	鞦
04521	A04521	U+97AD	38829	鞭
04522	A04522	U+97C3	38851	韃
04523	A04523	U+97C1	38849	韁
04524	A04524	U+97C6	38854	韆
04525	A04525	U+97CB	38859	韋
04526	A04526	U+97CC	38860	韌
04527	A04527	U+97D3	38867	韓
04528	A04528	U+97DC	38876	韜
04529	A04529	U+97ED	38893	韭
04530	A04530	U+97F3	38899	音
04531	A04531	U+7AE0	31456	章
04532	A04532	U+7ADF	31455	竟
04533	A04533	U+97F6	38902	韶
04534	A04534	U+97FB	38907	韻
04535	A04535	U+97FF	38911	響
04536	A04536	U+9801	38913	頁
04537	A04537	U+9802	38914	頂
04538	A04538	U+9803	38915	頃
04539	A04539	U+9805	38917	項
04540	A04540	U+9806	38918	順
04541	A04541	U+9808	38920	須
04542	A04542	U+9810	38928	預
04543	A04543	U+9811	38929	頑
04544	A04544	U+9813	38931	頓
04545	A04545	U+980A	38922	頊
04546	A04546	U+9812	38930	頒
04547	A04547	U+980C	38924	頌
04548	A04548	U+9817	38935	頗
04549	A04549	U+9818	38936	領
04550	A04550	U+9821	38945	頡
04551	A04551	U+9830	38960	頰
04552	A04552	U+9838	38968	頸
04553	A04553	U+983B	38971	頻
04554	A04554	U+9837	38967	頷
04555	A04555	U+982D	38957	頭
04556	A04556	U+9839	38969	頹
04557	A04557	U+9824	38948	頤
04558	A04558	U+9846	38982	顆
04559	A04559	U+984D	38989	額
04560	A04560	U+984F	38991	顏
04561	A04561	U+984C	38988	題
04562	A04562	U+984E	38990	顎
04563	A04563	U+9853	38995	顓
04564	A04564	U+985E	39006	類
04565	A04565	U+9858	39000	願
04566	A04566	U+985B	39003	顛
04567	A04567	U+9867	39015	顧
04568	A04568	U+986B	39019	顫
04569	A04569	U+986F	39023	顯
04570	A04570	U+9870	39024	顰
04571	A04571	U+9871	39025	顱
04572	A04572	U+98A8	39080	風
04573	A04573	U+98AF	39087	颯
04574	A04574	U+98B1	39089	颱
04575	A04575	U+98B3	39091	颳
04576	A04576	U+98B6	39094	颶
04577	A04577	U+98BA	39098	颺
04578	A04578	U+98BC	39100	颼
04579	A04579	U+98C4	39108	飄
04580	A04580	U+98DB	39131	飛
04581	A04581	U+98DF	39135	食
04582	A04582	U+98E2	39138	飢
04583	A04583	U+98E7	39143	飧
04584	A04584	U+98EA	39146	飪
04585	A04585	U+98EF	39151	飯
04586	A04586	U+98E9	39145	飩
04587	A04587	U+98F2	39154	飲
04588	A04588	U+98ED	39149	飭
04589	A04589	U+98FC	39164	飼
04590	A04590	U+98F4	39156	飴
04591	A04591	U+98FD	39165	飽
04592	A04592	U+98FE	39166	飾
04593	A04593	U+9903	39171	餃
04594	A04594	U+9905	39173	餅
04595	A04595	U+990C	39180	餌
04596	A04596	U+9909	39177	餉
04597	A04597	U+990A	39178	養
04598	A04598	U+9913	39187	餓
04599	A04599	U+9912	39186	餒
04600	A04600	U+9918	39192	餘
04601	A04601	U+9910	39184	餐
04602	A04602	U+9928	39208	館
04603	A04603	U+991E	39198	餞
04604	A04604	U+991B	39195	餛
04605	A04605	U+9921	39201	餡
04606	A04606	U+9935	39221	餵
04607	A04607	U+993E	39230	餾
04608	A04608	U+993F	39231	餿
04609	A04609	U+993D	39229	餽
04610	A04610	U+9945	39237	饅
04611	A04611	U+9952	39250	饒
04612	A04612	U+9951	39249	饑
04613	A04613	U+995C	39260	饜
04614	A04614	U+995E	39262	饞
04615	A04615	U+9996	39318	首
04616	A04616	U+9999	39321	香
04617	A04617	U+99A5	39333	馥
04618	A04618	U+99A8	39336	馨
04619	A04619	U+99AC	39340	馬
04620	A04620	U+99AE	39342	馮
04621	A04621	U+99AD	39341	馭
04622	A04622	U+99B3	39347	馳
04623	A04623	U+99B1	39345	馱
04624	A04624	U+99B4	39348	馴
04625	A04625	U+99C1	39361	駁
04626	A04626	U+99DD	39389	駝
04627	A04627	U+99D0	39376	駐
04628	A04628	U+99DF	39391	駟
04629	A04629	U+99DB	39387	駛
04630	A04630	U+99D1	39377	駑
04631	A04631	U+99D5	39381	駕
04632	A04632	U+99D2	39378	駒
04633	A04633	U+99D9	39385	駙
04634	A04634	U+99ED	39405	駭
04635	A04635	U+99E2	39394	駢
04636	A04636	U+99F1	39409	駱
04637	A04637	U+9A01	39425	騁
04638	A04638	U+99FF	39423	駿
04639	A04639	U+9A0E	39438	騎
04640	A04640	U+9A16	39446	騖
04641	A04641	U+9A19	39449	騙
04642	A04642	U+9A2B	39467	騫
04643	A04643	U+9A30	39472	騰
04644	A04644	U+9A37	39479	騷
04645	A04645	U+9A45	39493	驅
04646	A04646	U+9A43	39491	驃
04647	A04647	U+9A40	39488	驀
04648	A04648	U+9A3E	39486	騾
04649	A04649	U+9A55	39509	驕
04650	A04650	U+9A5A	39514	驚
04651	A04651	U+9A5B	39515	驛
04652	A04652	U+9A57	39511	驗
04653	A04653	U+9A5F	39519	驟
04654	A04654	U+9A62	39522	驢
04655	A04655	U+9A65	39525	驥
04656	A04656	U+9A6A	39530	驪
04657	A04657	U+9AA8	39592	骨
04658	A04658	U+9AAF	39599	骯
04659	A04659	U+9AB0	39600	骰
04660	A04660	U+9AB7	39607	骷
04661	A04661	U+9AB8	39608	骸
04662	A04662	U+9ABC	39612	骼
04663	A04663	U+9ACF	39631	髏
04664	A04664	U+9AD2	39634	髒
04665	A04665	U+9AD3	39635	髓
04666	A04666	U+9AD4	39636	體
04667	A04667	U+9AD8	39640	高
04668	A04668	U+9AE6	39654	髦
04669	A04669	U+9AEE	39662	髮
04670	A04670	U+9AEF	39663	髯
04671	A04671	U+9AFB	39675	髻
04672	A04672	U+9AED	39661	髭
04673	A04673	U+9B03	39683	鬃
04674	A04674	U+9B06	39686	鬆
04675	A04675	U+9B0D	39693	鬍
04676	A04676	U+9B1A	39706	鬚
04677	A04677	U+9B22	39714	鬢
04678	A04678	U+9B25	39717	鬥
04679	A04679	U+9B27	39719	鬧
04680	A04680	U+9B28	39720	鬨
04681	A04681	U+9B31	39729	鬱
04682	A04682	U+9B32	39730	鬲
04683	A04683	U+9B3C	39740	鬼
04684	A04684	U+9B41	39745	魁
04685	A04685	U+9B42	39746	魂
04686	A04686	U+9B45	39749	魅
04687	A04687	U+9B44	39748	魄
04688	A04688	U+9B4F	39759	魏
04689	A04689	U+9B54	39764	魔
04690	A04690	U+9B58	39768	魘
04691	A04691	U+9B5A	39770	魚
04692	A04692	U+9B77	39799	魷
04693	A04693	U+9B6F	39791	魯
04694	A04694	U+9B91	39825	鮑
04695	A04695	U+9BAE	39854	鮮
04696	A04696	U+9BAB	39851	鮫
04697	A04697	U+9BAA	39850	鮪
04698	A04698	U+9BCA	39882	鯊
04699	A04699	U+9BC9	39881	鯉
04700	A04700	U+9BFD	39933	鯽
04701	A04701	U+9BE8	39912	鯨
04702	A04702	U+9BE7	39911	鯧
04703	A04703	U+9C13	39955	鰓
04704	A04704	U+9C0D	39949	鰍
04705	A04705	U+9C2D	39981	鰭
04706	A04706	U+9C25	39973	鰥
04707	A04707	U+9C49	40009	鱉
04708	A04708	U+9C31	39985	鰱
04709	A04709	U+9C3E	39998	鰾
04710	A04710	U+9C3B	39995	鰻
04711	A04711	U+9C54	40020	鱔
04712	A04712	U+9C57	40023	鱗
04713	A04713	U+9C56	40022	鱖
04714	A04714	U+9C77	40055	鱷
04715	A04715	U+9C78	40056	鱸
04716	A04716	U+9CE5	40165	鳥
04717	A04717	U+9CE9	40169	鳩
04718	A04718	U+9CF4	40180	鳴
04719	A04719	U+9CF6	40182	鳶
04720	A04720	U+9CF3	40179	鳳
04721	A04721	U+9D06	40198	鴆
04722	A04722	U+9D09	40201	鴉
04723	A04723	U+9D15	40213	鴕
04724	A04724	U+9D23	40227	鴣
04725	A04725	U+9D26	40230	鴦
04726	A04726	U+9D28	40232	鴨
04727	A04727	U+9D12	40210	鴒
04728	A04728	U+9D1B	40219	鴛
04729	A04729	U+9D3B	40251	鴻
04730	A04730	U+9D3F	40255	鴿
04731	A04731	U+9D51	40273	鵑
04732	A04732	U+9D5D	40285	鵝
04733	A04733	U+9D60	40288	鵠
04734	A04734	U+9D89	40329	鶉
04735	A04735	U+9D61	40289	鵡
04736	A04736	U+9D72	40306	鵲
04737	A04737	U+9D6A	40298	鵪
04738	A04738	U+9D6C	40300	鵬
04739	A04739	U+9DAF	40367	鶯
04740	A04740	U+9DB4	40372	鶴
04741	A04741	U+9DC2	40386	鷂
04742	A04742	U+9DD3	40403	鷓
04743	A04743	U+9DD7	40407	鷗
04744	A04744	U+9DE5	40421	鷥
04745	A04745	U+9DF9	40441	鷹
04746	A04746	U+9DFA	40442	鷺
04747	A04747	U+9E1A	40474	鸚
04748	A04748	U+9E1E	40478	鸞
04749	A04749	U+9E79	40569	鹹
04750	A04750	U+9E7C	40572	鹼
04751	A04751	U+9E7D	40573	鹽
04752	A04752	U+9E7F	40575	鹿
04753	A04753	U+9E82	40578	麂
04754	A04754	U+9E8B	40587	麋
04755	A04755	U+9E92	40594	麒
04756	A04756	U+9E97	40599	麗
04757	A04757	U+9E93	40595	麓
04758	A04758	U+9E9D	40605	麝
04759	A04759	U+9E9F	40607	麟
04760	A04760	U+9EA5	40613	麥
04761	A04761	U+9EA9	40617	麩
04762	A04762	U+9EB4	40628	麴
04763	A04763	U+9EB5	40629	麵
04764	A04764	U+9EBB	40635	麻
04765	A04765	U+9EBC	40636	麼
04766	A04766	U+9EBE	40638	麾
04767	A04767	U+9EC3	40643	黃
04768	A04768	U+9ECD	40653	黍
04769	A04769	U+9ECE	40654	黎
04770	A04770	U+9ECF	40655	黏
04771	A04771	U+9ED1	40657	黑
04772	A04772	U+58A8	22696	墨
04773	A04773	U+9ED8	40664	默
04774	A04774	U+9ED4	40660	黔
04775	A04775	U+9EDE	40670	點
04776	A04776	U+9EDC	40668	黜
04777	A04777	U+9EDD	40669	黝
04778	A04778	U+9EDB	40667	黛
04779	A04779	U+9EE0	40672	黠
04780	A04780	U+9EE8	40680	黨
04781	A04781	U+9EEF	40687	黯
04782	A04782	U+9EF4	40692	黴
04783	A04783	U+9EF7	40695	黷
04784	A04784	U+9F07	40711	鼇
04785	A04785	U+9F0E	40718	鼎
04786	A04786	U+9F13	40723	鼓
04787	A04787	U+9F15	40725	鼕
04788	A04788	U+9F19	40729	鼙
04789	A04789	U+9F20	40736	鼠
04790	A04790	U+9F2C	40748	鼬
04791	A04791	U+9F34	40756	鼴
04792	A04792	U+9F3B	40763	鼻
04793	A04793	U+9F3E	40766	鼾
04794	A04794	U+9F4A	40778	齊
04795	A04795	U+9F4B	40779	齋
04796	A04796	U+9F52	40786	齒
04797	A04797	U+9F5F	40799	齟
04798	A04798	U+9F63	40803	齣
04799	A04799	U+9F61	40801	齡
04800	A04800	U+9F5C	40796	齜
04801	A04801	U+9F66	40806	齦
04802	A04802	U+9F6C	40812	齬
04803	A04803	U+9F6A	40810	齪
04804	A04804	U+9F77	40823	齷
04805	A04805	U+9F72	40818	齲
04806	A04806	U+9F8D	40845	龍
04807	A04807	U+9F94	40852	龔
04808	A04808	U+9F9C	40860	龜
